Price,Adj Close,Close,High,Low,Open,Volume
Ticker,005930.KS,005930.KS,005930.KS,005930.KS,005930.KS,005930.KS
Date,,,,,,
2020-01-02,48825.47265625,55200.0,56000.0,55000.0,55500.0,12993228
2020-01-03,49090.83203125,55500.0,56600.0,54900.0,56000.0,15422255
2020-01-06,49090.83203125,55500.0,55600.0,54600.0,54900.0,10278951
2020-01-07,49356.17578125,55800.0,56400.0,55600.0,55700.0,10009778
2020-01-08,50240.703125,56800.0,57400.0,55900.0,56200.0,23501171
2020-01-09,51832.83203125,58600.0,58600.0,57400.0,58400.0,24102579
2020-01-10,52628.8984375,59500.0,59700.0,58300.0,58800.0,16000170
2020-01-13,53071.171875,60000.0,60000.0,59100.0,59600.0,11359139
2020-01-14,53071.171875,60000.0,61000.0,59900.0,60400.0,16906295
2020-01-15,52186.640625,59000.0,59600.0,58900.0,59500.0,14300928
2020-01-16,53690.328125,60700.0,60700.0,59000.0,59100.0,14381774
2020-01-17,54221.03515625,61300.0,62000.0,61000.0,61900.0,16025661
2020-01-20,55194.0078125,62400.0,62800.0,61700.0,62000.0,12528855
2020-01-21,54309.48828125,61400.0,62400.0,61200.0,62000.0,11142693
2020-01-22,55105.55078125,62300.0,62600.0,60400.0,60500.0,15339565
2020-01-23,53778.78125,60800.0,61800.0,60700.0,61800.0,14916555
2020-01-28,52009.7421875,58800.0,59400.0,58300.0,59400.0,23664541
2020-01-29,52275.1015625,59100.0,59700.0,58800.0,59100.0,16446102
2020-01-30,50594.5078125,57200.0,58800.0,56800.0,58800.0,20821939
2020-01-31,49886.89453125,56400.0,58400.0,56400.0,57800.0,19749457
2020-02-03,50594.5078125,57200.0,57400.0,55200.0,55500.0,23995260
2020-02-04,52098.19140625,58900.0,59000.0,56800.0,57100.0,21800192
2020-02-05,52628.8984375,59500.0,60200.0,58900.0,60000.0,19278165
2020-02-06,54044.13671875,61100.0,61100.0,59700.0,60100.0,14727159
2020-02-07,53424.96875,60400.0,61200.0,59700.0,61100.0,16402493
2020-02-10,52805.80859375,59700.0,59800.0,59100.0,59200.0,13107121
2020-02-11,52982.71484375,59900.0,60700.0,59700.0,59800.0,11071231
2020-02-12,53513.421875,60500.0,60700.0,59700.0,60300.0,12904207
2020-02-13,53690.328125,60700.0,61600.0,60500.0,61200.0,18449775
2020-02-14,54663.30078125,61800.0,61900.0,60200.0,60900.0,13276067
2020-02-17,54397.9453125,61500.0,62000.0,61200.0,61600.0,8740596
2020-02-18,52894.26171875,59800.0,60900.0,59700.0,60800.0,16674266
2020-02-19,53248.0703125,60200.0,60400.0,59400.0,59800.0,12951496
2020-02-20,53071.171875,60000.0,61300.0,59600.0,60700.0,14591924
2020-02-21,52363.55078125,59200.0,59800.0,58500.0,58800.0,13777393
2020-02-24,50240.703125,56800.0,58100.0,56800.0,57400.0,25627537
2020-02-25,51213.671875,57900.0,58000.0,56200.0,56200.0,23885408
2020-02-26,49975.33984375,56500.0,57000.0,56000.0,56000.0,25483102
2020-02-27,49444.62890625,55900.0,56900.0,55500.0,56300.0,23209541
2020-02-28,47940.953125,54200.0,55500.0,54200.0,55000.0,30054227
2020-03-02,48648.56640625,55000.0,55500.0,53600.0,54300.0,30403412
2020-03-03,49002.3828125,55400.0,56900.0,55100.0,56700.0,30330295
2020-03-04,50771.4140625,57400.0,57600.0,54600.0,54800.0,24765728
2020-03-05,51125.22265625,57800.0,58000.0,56700.0,57600.0,21698990
2020-03-06,49975.33984375,56500.0,57200.0,56200.0,56500.0,18716656
2020-03-09,49975.33984375,56500.0,56500.0,56500.0,56500.0,0
2020-03-10,48294.76171875,54600.0,54900.0,53700.0,53800.0,32106554
2020-03-11,46083.45703125,52100.0,54400.0,52000.0,54300.0,45707281
2020-03-12,46083.45703125,52100.0,52100.0,52100.0,52100.0,0
2020-03-13,44181.7421875,49950.0,51600.0,46850.0,47450.0,59462933
2020-03-16,43253.0,48900.0,50900.0,48800.0,50100.0,33339821
2020-03-17,41837.76953125,47300.0,49650.0,46700.0,46900.0,51218151
2020-03-18,40334.08203125,45600.0,48350.0,45600.0,47750.0,40152623
2020-03-19,37990.11328125,42950.0,46650.0,42300.0,46400.0,56925513
2020-03-20,40157.1796875,45400.0,45500.0,43550.0,44150.0,49730008
2020-03-23,37592.08203125,42500.0,43550.0,42400.0,42600.0,41701626
2020-03-24,41528.1875,46950.0,46950.0,43050.0,43850.0,49801908
2020-03-25,43031.87109375,48650.0,49600.0,47150.0,48950.0,52735922
2020-03-26,42280.02734375,47800.0,49300.0,47700.0,49000.0,42185129
2020-03-27,42722.2890625,48300.0,49700.0,46850.0,49600.0,39896178
2020-03-30,42636.74609375,47850.0,48350.0,46550.0,47050.0,26797395
2020-03-31,42547.6484375,47750.0,48500.0,47150.0,48000.0,30654261
2020-04-01,40810.08984375,45800.0,47900.0,45800.0,47450.0,27259532
2020-04-02,41701.14453125,46800.0,46850.0,45350.0,46200.0,21621076
2020-04-03,41879.3515625,47000.0,47600.0,46550.0,47400.0,22784682
2020-04-06,43394.12890625,48700.0,48800.0,47250.0,47500.0,23395726
2020-04-07,44196.08203125,49600.0,50200.0,49000.0,49650.0,31524034
2020-04-08,43305.0390625,48600.0,49750.0,48600.0,49600.0,25010314
2020-04-09,43750.546875,49100.0,49800.0,48700.0,49750.0,22628058
2020-04-10,43884.2109375,49250.0,49250.0,48650.0,48950.0,17839111
2020-04-13,43037.71484375,48300.0,48900.0,48300.0,48650.0,14431800
2020-04-14,43661.44921875,49000.0,49200.0,48300.0,48800.0,14206216
2020-04-16,43661.44921875,49000.0,49350.0,48550.0,49350.0,23349760
2020-04-17,45799.97265625,51400.0,52000.0,50300.0,50800.0,32041675
2020-04-20,44641.6015625,50100.0,51400.0,50000.0,51400.0,21866354
2020-04-21,43884.2109375,49250.0,49700.0,48700.0,49400.0,27407543
2020-04-22,44418.84375,49850.0,50000.0,48350.0,48700.0,18613864
2020-04-23,44418.84375,49850.0,50300.0,49500.0,50200.0,18754442
2020-04-24,43973.32421875,49350.0,49750.0,49000.0,49650.0,15618347
2020-04-27,44418.84375,49850.0,50000.0,49100.0,49350.0,14049471
2020-04-28,44641.6015625,50100.0,50100.0,49300.0,49850.0,16095399
2020-04-29,44552.50390625,50000.0,50500.0,49600.0,49900.0,15604533
2020-05-04,43215.921875,48500.0,49100.0,48500.0,48900.0,26083749
2020-05-06,43839.6640625,49200.0,49200.0,48500.0,49000.0,18070225
2020-05-07,43483.2421875,48800.0,49300.0,48700.0,49200.0,13884411
2020-05-08,43483.2421875,48800.0,49350.0,48800.0,49100.0,15319700
2020-05-11,43126.8203125,48400.0,49250.0,48300.0,48900.0,16357743
2020-05-12,42681.2890625,47900.0,48500.0,47550.0,48400.0,23433590
2020-05-13,43260.48828125,48550.0,48550.0,47200.0,47250.0,20223277
2020-05-14,42770.39453125,48000.0,48100.0,47650.0,47750.0,19305974
2020-05-15,42636.74609375,47850.0,48450.0,47700.0,48400.0,18463118
2020-05-18,43483.2421875,48800.0,49100.0,47600.0,47950.0,20481981
2020-05-19,44819.81640625,50300.0,50500.0,49700.0,50100.0,25168295
2020-05-20,44552.50390625,50000.0,50200.0,49800.0,50000.0,14896899
2020-05-21,44507.94921875,49950.0,50400.0,49850.0,50300.0,14949266
2020-05-22,43438.69140625,48750.0,49800.0,48600.0,49600.0,19706284
2020-05-25,43527.79296875,48850.0,48900.0,48450.0,48750.0,14337913
2020-05-26,43884.2109375,49250.0,49450.0,48600.0,48700.0,15127490
2020-05-27,44463.3984375,49900.0,50000.0,48800.0,48950.0,19548479
2020-05-28,44908.9296875,50400.0,51200.0,49900.0,51100.0,31309318
2020-05-29,45176.23046875,50700.0,50700.0,49700.0,50000.0,27596961
2020-06-01,45621.765625,51200.0,51200.0,50600.0,50800.0,16949183
2020-06-02,45799.97265625,51400.0,51500.0,50800.0,51000.0,14247933
2020-06-03,48562.21875,54500.0,55000.0,51700.0,51800.0,49257814
2020-06-04,48651.3359375,54600.0,57000.0,54600.0,55800.0,40220334
2020-06-05,49453.28125,55500.0,55900.0,54000.0,54400.0,22743629
2020-06-08,48918.640625,54900.0,56500.0,54700.0,56400.0,25634965
2020-06-09,49453.28125,55500.0,56500.0,54400.0,55800.0,23998831
2020-06-10,49364.1796875,55400.0,55900.0,54900.0,55100.0,16742493
2020-06-11,48384.01171875,54300.0,55100.0,53200.0,54500.0,33815123
2020-06-12,46601.9140625,52300.0,52800.0,51500.0,52100.0,26976019
2020-06-15,44463.3984375,49900.0,52000.0,49900.0,51400.0,28772921
2020-06-16,46423.703125,52100.0,52100.0,50600.0,51200.0,21808375
2020-06-17,46512.8125,52200.0,52900.0,51300.0,52100.0,26672595
2020-06-18,46601.9140625,52300.0,52300.0,51600.0,52200.0,15982926
2020-06-19,47136.546875,52900.0,52900.0,51600.0,52600.0,18157985
2020-06-22,46334.609375,52000.0,52600.0,51800.0,52000.0,13801350
2020-06-23,45799.97265625,51400.0,52800.0,51100.0,52500.0,18086152
2020-06-24,47136.546875,52900.0,53900.0,51600.0,51900.0,24519552
2020-06-25,46245.49609375,51900.0,53000.0,51900.0,52100.0,18541624
2020-06-26,47492.96875,53300.0,53900.0,52200.0,52800.0,21575360
2020-06-29,47003.19921875,52400.0,53200.0,52000.0,52500.0,17776925
2020-06-30,47362.00390625,52800.0,53900.0,52800.0,53900.0,21157172
2020-07-01,47182.609375,52600.0,53600.0,52400.0,53400.0,16706143
2020-07-02,47451.703125,52900.0,52900.0,52100.0,52100.0,14142583
2020-07-03,48079.60546875,53600.0,53600.0,52700.0,53000.0,11887868
2020-07-06,49335.421875,55000.0,55000.0,53800.0,54000.0,19856623
2020-07-07,47900.2109375,53400.0,55900.0,53400.0,55800.0,30760032
2020-07-08,47541.40234375,53000.0,53900.0,52900.0,53600.0,19664652
2020-07-09,47362.00390625,52800.0,53600.0,52800.0,53200.0,17054850
2020-07-10,47272.30078125,52700.0,53200.0,52300.0,53100.0,13714746
2020-07-13,47900.2109375,53400.0,53800.0,53100.0,53300.0,12240188
2020-07-14,48259.01171875,53800.0,53800.0,53200.0,53700.0,14269484
2020-07-15,49066.3203125,54700.0,55000.0,54300.0,54400.0,24051450
2020-07-16,48259.01171875,53800.0,54800.0,53800.0,54800.0,16779127
2020-07-17,48797.21484375,54400.0,54700.0,54100.0,54200.0,10096174
2020-07-20,48617.80859375,54200.0,54800.0,54000.0,54800.0,10507530
2020-07-21,49604.515625,55300.0,55400.0,54800.0,55200.0,18297260
2020-07-22,49066.3203125,54700.0,55500.0,54700.0,55300.0,12885057
2020-07-23,48528.109375,54100.0,54700.0,53800.0,54700.0,16214932
2020-07-24,48617.80859375,54200.0,54400.0,53700.0,54000.0,10994535
2020-07-27,49873.6171875,55600.0,55700.0,54300.0,54300.0,21054421
2020-07-28,52564.6484375,58600.0,58800.0,56400.0,57000.0,48431566
2020-07-29,52923.453125,59000.0,60400.0,58600.0,60300.0,36476611
2020-07-30,52923.453125,59000.0,60100.0,59000.0,59700.0,19285354
2020-07-31,51936.73828125,57900.0,59600.0,57700.0,59500.0,21943345
2020-08-03,50950.03125,56800.0,57900.0,56700.0,57800.0,21158940
2020-08-04,51398.53515625,57300.0,58100.0,57000.0,57200.0,19419694
2020-08-05,51039.73046875,56900.0,57500.0,56300.0,57300.0,17739706
2020-08-06,52026.44140625,58000.0,58400.0,57100.0,57100.0,21625874
2020-08-07,51577.9375,57500.0,58400.0,57100.0,57900.0,18751717
2020-08-10,51847.046875,57800.0,58300.0,57500.0,57600.0,17774291
2020-08-11,52205.8515625,58200.0,59500.0,57800.0,58000.0,24907912
2020-08-12,52923.453125,59000.0,59000.0,57700.0,58200.0,18573934
2020-08-13,52654.3515625,58700.0,59600.0,58000.0,59400.0,22089460
2020-08-14,52026.44140625,58000.0,58400.0,57700.0,58000.0,15672548
2020-08-18,52385.2421875,58400.0,59900.0,58000.0,58900.0,25307825
2020-08-19,51847.046875,57800.0,59200.0,57800.0,59000.0,16930719
2020-08-20,49694.2265625,55400.0,57600.0,55300.0,57600.0,30386029
2020-08-21,50142.72265625,55900.0,56900.0,55800.0,56200.0,21142288
2020-08-24,50322.125,56100.0,56600.0,55400.0,55800.0,15055896
2020-08-25,50591.234375,56400.0,56800.0,56100.0,56400.0,14021705
2020-08-26,50591.234375,56400.0,56500.0,55700.0,56400.0,17651593
2020-08-27,49873.6171875,55600.0,56300.0,55600.0,56300.0,16196568
2020-08-28,49694.2265625,55400.0,56300.0,55400.0,56100.0,14619888
2020-08-31,48438.40234375,54000.0,56100.0,54000.0,56000.0,32671367
2020-09-01,48617.80859375,54200.0,54800.0,54100.0,54100.0,19363117
2020-09-02,48797.21484375,54400.0,55100.0,54100.0,54600.0,16905723
2020-09-03,50591.234375,56400.0,56700.0,55500.0,55600.0,28384920
2020-09-04,49873.6171875,55600.0,55800.0,55100.0,55200.0,22139109
2020-09-07,50680.9296875,56500.0,57300.0,55800.0,56100.0,18685880
2020-09-08,52654.3515625,58700.0,58700.0,57200.0,57400.0,31517520
2020-09-09,52385.2421875,58400.0,59300.0,57800.0,58200.0,30597399
2020-09-10,53102.859375,59200.0,60000.0,59100.0,59900.0,29923293
2020-09-11,52923.453125,59000.0,59400.0,58200.0,59300.0,16017098
2020-09-14,54179.2578125,60400.0,60800.0,59900.0,60200.0,20648281
2020-09-15,54717.4609375,61000.0,61000.0,60500.0,60900.0,17877075
2020-09-16,54717.4609375,61000.0,61300.0,60600.0,61100.0,17041444
2020-09-17,53371.953125,59500.0,60800.0,59300.0,60700.0,25108356
2020-09-18,53192.55078125,59300.0,59900.0,59100.0,59800.0,18884571
2020-09-21,53102.859375,59200.0,60000.0,59000.0,59100.0,15140387
2020-09-22,52205.8515625,58200.0,59700.0,57800.0,59100.0,20830381
2020-09-23,52564.6484375,58600.0,58800.0,57400.0,58400.0,20111398
2020-09-24,51847.046875,57800.0,58600.0,57600.0,57700.0,17564020
2020-09-25,51936.73828125,57900.0,58200.0,57700.0,57700.0,11444683
2020-09-28,52526.9921875,58200.0,58800.0,57900.0,58300.0,12614080
2020-09-29,52526.9921875,58200.0,59000.0,58200.0,58300.0,15503563
2020-10-05,52978.2578125,58700.0,59200.0,57500.0,57500.0,20228289
2020-10-06,53249.01171875,59000.0,59900.0,58700.0,59400.0,14463826
2020-10-07,54061.2890625,59900.0,59900.0,58500.0,58700.0,14861838
2020-10-08,53880.78125,59700.0,60700.0,59500.0,60500.0,24589924
2020-10-12,54512.55078125,60400.0,60400.0,59900.0,60000.0,16145837
2020-10-13,54963.8125,60900.0,61400.0,60400.0,61000.0,19247631
2020-10-14,54963.8125,60900.0,61100.0,60500.0,61000.0,16086716
2020-10-15,54151.54296875,60000.0,60800.0,59700.0,60700.0,17756232
2020-10-16,53700.27734375,59500.0,60400.0,59000.0,60000.0,16554190
2020-10-19,54151.54296875,60000.0,60200.0,59500.0,59600.0,14474985
2020-10-20,54963.8125,60900.0,60900.0,60100.0,60300.0,19326115
2020-10-21,54963.8125,60900.0,61500.0,60600.0,61200.0,15703443
2020-10-22,54241.79296875,60100.0,60500.0,59800.0,60300.0,14294095
2020-10-23,54332.046875,60200.0,60400.0,59800.0,60400.0,9322232
2020-10-26,54512.55078125,60400.0,61100.0,60100.0,60400.0,13268226
2020-10-27,53971.03125,59800.0,60300.0,59500.0,60300.0,17260416
2020-10-28,53249.01171875,59000.0,59400.0,58800.0,59400.0,14428882
2020-10-29,52436.734375,58100.0,58500.0,57500.0,58200.0,22636966
2020-10-30,51082.94921875,56600.0,58000.0,56600.0,58000.0,26907844
2020-11-02,51804.97265625,57400.0,57500.0,56000.0,56400.0,20489076
2020-11-03,53068.5078125,58800.0,58900.0,57600.0,57900.0,14950919
2020-11-04,52797.74609375,58500.0,59000.0,57800.0,58900.0,21718561
2020-11-05,54422.29296875,60300.0,60300.0,58800.0,59000.0,20639475
2020-11-06,54241.79296875,60100.0,60800.0,59600.0,60700.0,16910230
2020-11-09,54332.046875,60200.0,60900.0,60100.0,60700.0,15892961
2020-11-10,54332.046875,60200.0,60500.0,59500.0,60500.0,19073552
2020-11-11,55324.82421875,61300.0,61400.0,60400.0,60700.0,25628510
2020-11-12,55054.0703125,61000.0,61400.0,60700.0,61000.0,19800573
2020-11-13,57039.6171875,63200.0,63200.0,61000.0,61300.0,31508829
2020-11-16,59837.453125,66300.0,66700.0,63900.0,64000.0,36354334
2020-11-17,59295.93359375,65700.0,67000.0,65600.0,67000.0,30204089
2020-11-18,58483.6640625,64800.0,66200.0,64700.0,65700.0,22963790
2020-11-19,58303.15234375,64600.0,64800.0,63900.0,64100.0,16590290
2020-11-20,58393.41015625,64700.0,65200.0,63900.0,63900.0,15068682
2020-11-23,60920.48046875,67500.0,67800.0,64700.0,64800.0,27134398
2020-11-24,61100.984375,67700.0,69500.0,67000.0,67900.0,32158235
2020-11-25,60108.21484375,66600.0,68300.0,66500.0,67900.0,32447065
2020-11-26,61371.73828125,68000.0,68000.0,66000.0,66100.0,19023323
2020-11-27,61552.23828125,68200.0,68400.0,67600.0,68000.0,14063434
2020-11-30,60198.45703125,66700.0,68600.0,66700.0,68400.0,43811016
2020-12-01,61191.25,67800.0,68300.0,67100.0,67100.0,22327173
2020-12-02,62725.54296875,69500.0,69900.0,68300.0,68400.0,29703942
2020-12-03,62906.0390625,69700.0,70500.0,69300.0,70100.0,23677989
2020-12-04,64530.59375,71500.0,72100.0,70100.0,70400.0,28130533
2020-12-07,65794.1171875,72900.0,73500.0,71900.0,72400.0,28490496
2020-12-08,64711.0859375,71700.0,72900.0,71600.0,72200.0,25000338
2020-12-09,66696.6484375,73900.0,73900.0,72000.0,72100.0,24077996
2020-12-10,65794.1171875,72900.0,73800.0,72500.0,72700.0,39882928
2020-12-11,66245.390625,73400.0,73800.0,73100.0,73500.0,18486672
2020-12-14,66606.390625,73800.0,74500.0,73200.0,73600.0,21510415
2020-12-15,66606.390625,73800.0,74100.0,73300.0,73800.0,20863671
2020-12-16,66606.390625,73800.0,74500.0,73400.0,74100.0,17512081
2020-12-17,66155.140625,73300.0,73700.0,72600.0,73400.0,24293214
2020-12-18,65884.359375,73000.0,73700.0,73000.0,73300.0,17613029
2020-12-21,65884.359375,73000.0,73400.0,72000.0,73100.0,20367355
2020-12-22,65252.5859375,72300.0,73200.0,72100.0,72500.0,16304910
2020-12-23,66696.6484375,73900.0,74000.0,72300.0,72400.0,19411326
2020-12-24,70216.4765625,77800.0,78800.0,74000.0,74100.0,32502870
2020-12-28,71028.7734375,78700.0,80100.0,78200.0,79000.0,40085044
2020-12-29,72446.2421875,78300.0,78900.0,77300.0,78800.0,30339449
2020-12-30,74944.375,81000.0,81300.0,77300.0,77400.0,29417421
2021-01-04,76794.8671875,83000.0,84400.0,80200.0,81000.0,38655276
2021-01-05,77627.578125,83900.0,83900.0,81600.0,81600.0,35335669
2021-01-06,76054.65625,82200.0,84500.0,82100.0,83300.0,42089013
2021-01-07,76702.3359375,82900.0,84200.0,82700.0,82800.0,32644642
2021-01-08,82161.2578125,88800.0,90000.0,83000.0,83300.0,59013307
2021-01-11,84196.78125,91000.0,96800.0,89500.0,90000.0,90306177
2021-01-12,83826.6796875,90600.0,91400.0,87800.0,90300.0,48682416
2021-01-13,82993.96875,89700.0,91200.0,89100.0,89800.0,36068848
2021-01-14,82993.96875,89700.0,90000.0,88700.0,88700.0,26393970
2021-01-15,81421.0703125,88000.0,91800.0,88000.0,89800.0,33431809
2021-01-18,78645.34375,85000.0,87300.0,84100.0,86600.0,43227951
2021-01-19,80495.8125,87000.0,88000.0,83600.0,84500.0,39895044
2021-01-20,80680.875,87200.0,89000.0,86500.0,89000.0,25211127
2021-01-21,81513.578125,88100.0,88600.0,86500.0,87500.0,25318011
2021-01-22,80310.765625,86800.0,89700.0,86800.0,89000.0,30861661
2021-01-25,82716.390625,89400.0,89900.0,86300.0,87000.0,27258534
2021-01-26,80218.25,86700.0,89200.0,86500.0,88800.0,33178936
2021-01-27,79200.484375,85600.0,87700.0,85600.0,86600.0,26423070
2021-01-28,77442.5390625,83700.0,85600.0,83200.0,83200.0,31859808
2021-01-29,75869.625,82000.0,85000.0,82000.0,84500.0,39615978
2021-02-01,76794.8671875,83000.0,83400.0,81000.0,81700.0,28046832
2021-02-02,78090.203125,84400.0,86400.0,83700.0,84100.0,26302077
2021-02-03,78275.25,84600.0,85400.0,83400.0,84800.0,22112205
2021-02-04,76332.25,82500.0,83800.0,82100.0,83500.0,24171688
2021-02-05,77257.4765625,83500.0,84000.0,82500.0,83100.0,18036835
2021-02-08,76794.8671875,83000.0,84200.0,83000.0,83800.0,15338765
2021-02-09,76517.3046875,82700.0,84800.0,82700.0,84000.0,20898332
2021-02-10,75499.53125,81600.0,82600.0,81600.0,82600.0,23025766
2021-02-15,77905.1484375,84200.0,84500.0,83300.0,83800.0,23529706
2021-02-16,78552.8203125,84900.0,86000.0,84200.0,84500.0,20483100
2021-02-17,76979.9296875,83200.0,84200.0,83000.0,83900.0,18307735
2021-02-18,75962.15625,82100.0,83600.0,82100.0,83200.0,21327683
2021-02-19,76424.765625,82600.0,82800.0,81000.0,82300.0,25880879
2021-02-22,76054.65625,82200.0,84200.0,82200.0,83800.0,25419886
2021-02-23,75869.625,82000.0,82900.0,81100.0,81200.0,20587314
2021-02-24,75869.625,82000.0,83600.0,81300.0,81800.0,26807651
2021-02-25,78922.9140625,85300.0,85400.0,83000.0,84000.0,34155986
2021-02-26,76332.25,82500.0,83400.0,82000.0,82800.0,38520800
2021-03-02,77350.0078125,83600.0,85300.0,83000.0,85100.0,33498180
2021-03-03,77720.1015625,84000.0,84000.0,82800.0,83500.0,19882132
2021-03-04,76239.734375,82400.0,83200.0,82200.0,82600.0,24348331
2021-03-05,75962.15625,82100.0,82600.0,81100.0,81100.0,20508971
2021-03-08,75869.625,82000.0,83000.0,81600.0,82900.0,17641256
2021-03-09,75314.484375,81400.0,81900.0,80600.0,81400.0,25420764
2021-03-10,74851.8671875,80900.0,82500.0,80700.0,82400.0,20038422
2021-03-11,75869.625,82000.0,82500.0,81000.0,81000.0,23818297
2021-03-12,76609.8046875,82800.0,83500.0,82400.0,83100.0,13530573
2021-03-15,75684.5703125,81800.0,82900.0,81800.0,82800.0,13735798
2021-03-16,76609.8046875,82800.0,83000.0,82100.0,82200.0,12293537
2021-03-17,76147.1953125,82300.0,82900.0,82000.0,82800.0,11625146
2021-03-18,76702.3359375,82900.0,83800.0,82600.0,82800.0,18585244
2021-03-19,75777.1015625,81900.0,82500.0,81800.0,82100.0,15869700
2021-03-22,75869.625,82000.0,82300.0,81700.0,82000.0,12670506
2021-03-23,75684.5703125,81800.0,82900.0,81800.0,82600.0,13299907
2021-03-24,74944.375,81000.0,81600.0,80700.0,81000.0,17926638
2021-03-25,75129.421875,81200.0,82100.0,80800.0,81000.0,14758826
2021-03-26,75407.0078125,81500.0,81600.0,81000.0,81400.0,12845778
2021-03-29,75499.53125,81600.0,81700.0,81000.0,81700.0,14952134
2021-03-30,76392.640625,82200.0,82300.0,81300.0,81600.0,13121698
2021-03-31,75649.15625,81400.0,82700.0,81400.0,82400.0,17240518
2021-04-01,77043.1796875,82900.0,83000.0,82000.0,82500.0,18676461
2021-04-02,78808.9609375,84800.0,85200.0,83900.0,84000.0,22997538
2021-04-05,79366.5546875,85400.0,86000.0,84800.0,85800.0,16255990
2021-04-06,79924.1640625,86000.0,86200.0,85100.0,86200.0,19042023
2021-04-07,79552.4375,85600.0,86200.0,85400.0,86100.0,17885538
2021-04-08,78716.015625,84700.0,85700.0,84100.0,85700.0,19244259
2021-04-09,77693.7265625,83600.0,84900.0,83400.0,84700.0,18193707
2021-04-12,77322.0078125,83200.0,84100.0,83100.0,84100.0,12915282
2021-04-13,78065.4609375,84000.0,84500.0,82800.0,83000.0,15238206
2021-04-14,78065.4609375,84000.0,84300.0,83400.0,84000.0,13794652
2021-04-15,78158.3984375,84100.0,84500.0,83400.0,83700.0,16377412
2021-04-16,77972.5234375,83900.0,84700.0,83600.0,84700.0,15429522
2021-04-19,77414.9375,83300.0,84000.0,83300.0,83800.0,15287311
2021-04-20,77972.5234375,83900.0,84000.0,83100.0,83300.0,15521965
2021-04-21,76764.375,82600.0,83500.0,82500.0,83300.0,21636079
2021-04-22,76578.5078125,82400.0,83000.0,82400.0,82900.0,13934746
2021-04-23,76950.2421875,82800.0,82900.0,81600.0,81900.0,17805080
2021-04-26,77600.7890625,83500.0,83500.0,82600.0,82900.0,15489938
2021-04-27,77043.1796875,82900.0,83300.0,82500.0,83200.0,12941533
2021-04-28,76299.6953125,82100.0,83200.0,82100.0,83200.0,15596759
2021-04-29,75927.9609375,81700.0,82500.0,81500.0,82400.0,20000973
2021-04-30,75742.0859375,81500.0,82100.0,81500.0,81900.0,18673197
2021-05-03,75927.9609375,81700.0,82400.0,81000.0,81000.0,15710336
2021-05-04,76764.375,82600.0,82600.0,81800.0,81900.0,12532550
2021-05-06,76485.5625,82300.0,82300.0,81700.0,81700.0,17047511
2021-05-07,76113.8203125,81900.0,82100.0,81500.0,81800.0,14154882
2021-05-10,77322.0078125,83200.0,83500.0,81800.0,82300.0,19385027
2021-05-11,75463.28125,81200.0,82600.0,81100.0,82500.0,28996680
2021-05-12,74348.0703125,80000.0,81200.0,79800.0,80800.0,35812268
2021-05-13,72954.046875,78500.0,79600.0,78400.0,78900.0,31490096
2021-05-14,74441.0,80100.0,80300.0,78900.0,79000.0,16450920
2021-05-17,73976.3203125,79600.0,80900.0,79200.0,80800.0,17740855
2021-05-18,73976.3203125,79600.0,80000.0,79100.0,79600.0,17494407
2021-05-20,73883.3984375,79500.0,79700.0,79100.0,79400.0,16541828
2021-05-21,74441.0,80100.0,81500.0,79800.0,80100.0,20961714
2021-05-24,74069.2734375,79700.0,80400.0,79500.0,80100.0,13398666
2021-05-25,74255.1328125,79900.0,80400.0,79800.0,80000.0,13628942
2021-05-26,74162.203125,79800.0,80500.0,79700.0,80400.0,11984359
2021-05-27,73976.3203125,79600.0,80000.0,79100.0,80000.0,23198510
2021-05-28,74441.0,80100.0,80400.0,79400.0,79800.0,12360199
2021-05-31,74812.7265625,80500.0,80600.0,79600.0,80300.0,13321324
2021-06-01,74905.671875,80600.0,81300.0,80100.0,80500.0,14058401
2021-06-02,75091.5390625,80800.0,81400.0,80300.0,80400.0,16414644
2021-06-03,76950.2421875,82800.0,83000.0,81100.0,81300.0,29546007
2021-06-04,76392.640625,82200.0,82700.0,81500.0,82700.0,18112259
2021-06-07,76113.8203125,81900.0,82800.0,81600.0,82700.0,16496197
2021-06-08,76113.8203125,81900.0,82600.0,81800.0,82300.0,12781226
2021-06-09,75370.359375,81100.0,82000.0,81100.0,81500.0,14908823
2021-06-10,75277.4140625,81000.0,81400.0,80900.0,81300.0,17586995
2021-06-11,75277.4140625,81000.0,81700.0,80700.0,81200.0,14087962
2021-06-14,74812.7265625,80500.0,80900.0,80500.0,80800.0,10550078
2021-06-15,75184.484375,80900.0,81200.0,80600.0,80900.0,10075685
2021-06-16,76020.8828125,81800.0,81900.0,81100.0,81500.0,14999855
2021-06-17,75184.484375,80900.0,81300.0,80700.0,81100.0,14007385
2021-06-18,74812.7265625,80500.0,81100.0,80500.0,81100.0,14916721
2021-06-21,74255.1328125,79900.0,80000.0,79600.0,79700.0,16063340
2021-06-22,74348.0703125,80000.0,80300.0,79900.0,80200.0,11773365
2021-06-23,74441.0,80100.0,80600.0,79900.0,80500.0,13856548
2021-06-24,75463.28125,81200.0,81400.0,80100.0,80400.0,18771080
2021-06-25,75835.0390625,81600.0,81900.0,81200.0,81500.0,13481405
2021-06-28,76113.8203125,81900.0,82000.0,81600.0,81700.0,11578529
2021-06-29,75610.703125,81000.0,82100.0,80800.0,81900.0,15744317
2021-06-30,75330.65625,80700.0,81400.0,80700.0,81100.0,13288643
2021-07-01,74770.5703125,80100.0,80600.0,80000.0,80500.0,13382882
2021-07-02,74677.2421875,80000.0,80400.0,79900.0,80000.0,8753097
2021-07-05,75050.609375,80400.0,80800.0,80000.0,80100.0,8330969
2021-07-06,75797.375,81200.0,81200.0,80500.0,80600.0,12131651
2021-07-07,75423.984375,80800.0,81300.0,80300.0,81200.0,15992202
2021-07-08,74583.8828125,79900.0,81200.0,79900.0,81100.0,16660998
2021-07-09,74117.140625,79400.0,79800.0,79000.0,79600.0,22720577
2021-07-12,74397.1875,79700.0,80000.0,79500.0,79900.0,9768108
2021-07-13,74490.5390625,79800.0,80200.0,79800.0,80000.0,9863450
2021-07-14,74210.5,79500.0,79600.0,79100.0,79400.0,11575636
2021-07-15,75237.3125,80600.0,80600.0,79500.0,79800.0,13766279
2021-07-16,74490.5390625,79800.0,80100.0,79500.0,80100.0,10859399
2021-07-19,73743.7734375,79000.0,79200.0,78800.0,79100.0,13155414
2021-07-20,73743.7734375,79000.0,79000.0,78400.0,78500.0,12456646
2021-07-21,73277.0390625,78500.0,79100.0,78500.0,79000.0,12355296
2021-07-22,74397.1875,79700.0,79800.0,78900.0,79000.0,12618790
2021-07-23,74023.796875,79300.0,79900.0,79200.0,79700.0,9098910
2021-07-26,73557.0703125,78800.0,79500.0,78800.0,79400.0,10040975
2021-07-27,73277.0390625,78500.0,79400.0,78500.0,79200.0,11427693
2021-07-28,73930.453125,79200.0,79200.0,78100.0,78300.0,12743417
2021-07-29,73743.7734375,79000.0,79400.0,78800.0,78800.0,14360453
2021-07-30,73277.0390625,78500.0,78900.0,78500.0,78900.0,13823411
2021-08-02,74023.796875,79300.0,79500.0,78700.0,79200.0,11739124
2021-08-03,75984.09375,81400.0,81400.0,79300.0,79400.0,24339360
2021-08-04,77384.265625,82900.0,83100.0,81800.0,82200.0,25642368
2021-08-05,76637.5,82100.0,83300.0,82000.0,83300.0,18485469
2021-08-06,76077.4296875,81500.0,82500.0,81300.0,81900.0,13342623
2021-08-09,76077.4296875,81500.0,82300.0,80900.0,81500.0,15522581
2021-08-10,74863.9140625,80200.0,82400.0,80100.0,82300.0,20362639
2021-08-11,73277.0390625,78500.0,79800.0,78500.0,79600.0,30241137
2021-08-12,71876.8125,77000.0,78200.0,76900.0,77100.0,42365223
2021-08-13,69449.8125,74400.0,76000.0,74100.0,75800.0,61270643
2021-08-17,69263.140625,74200.0,75100.0,74000.0,74000.0,30944847
2021-08-18,68983.09375,73900.0,74600.0,73100.0,73900.0,29192631
2021-08-19,68236.3203125,73100.0,74400.0,73100.0,73500.0,22166298
2021-08-20,67862.9375,72700.0,73900.0,72500.0,73500.0,22364803
2021-08-23,68423.0078125,73300.0,74000.0,73000.0,73300.0,19384648
2021-08-24,70569.9765625,75600.0,75700.0,73900.0,73900.0,21016913
2021-08-25,70663.3359375,75700.0,76600.0,74900.0,76200.0,22319664
2021-08-26,69636.5078125,74600.0,76200.0,74600.0,76100.0,16671494
2021-08-27,69356.46875,74300.0,75000.0,73800.0,74300.0,15172748
2021-08-30,69636.5078125,74600.0,75500.0,74200.0,75400.0,12686999
2021-08-31,71596.7890625,76700.0,76700.0,74300.0,74900.0,24630370
2021-09-01,71690.140625,76800.0,77100.0,75900.0,76700.0,16114775
2021-09-02,70943.34375,76000.0,76800.0,75700.0,76800.0,15347486
2021-09-03,71503.453125,76600.0,76700.0,76000.0,76400.0,12096419
2021-09-06,72156.8671875,77300.0,77600.0,76600.0,76800.0,12861180
2021-09-07,71036.703125,76100.0,77100.0,75900.0,77100.0,13239401
2021-09-08,71223.4140625,76300.0,76400.0,75600.0,76000.0,11798147
2021-09-09,70289.9453125,75300.0,76600.0,75000.0,76400.0,17600770
2021-09-10,70289.9453125,75300.0,75600.0,74800.0,75300.0,10103212
2021-09-13,71223.4140625,76300.0,76300.0,75100.0,75200.0,11397775
2021-09-14,71503.453125,76600.0,77700.0,76600.0,77100.0,18167057
2021-09-15,71876.8125,77000.0,77400.0,76400.0,77400.0,12829128
2021-09-16,71036.703125,76100.0,77400.0,76100.0,77300.0,13067622
2021-09-17,72063.5234375,77200.0,77200.0,75900.0,76300.0,16289502
2021-09-23,72250.234375,77400.0,77600.0,76800.0,77500.0,17055590
2021-09-24,72156.8671875,77300.0,77700.0,77100.0,77600.0,12247274
2021-09-27,72530.265625,77700.0,77700.0,77000.0,77300.0,11699798
2021-09-28,71223.4140625,76300.0,77800.0,76200.0,77700.0,15406382
2021-09-29,69498.609375,74100.0,75300.0,73800.0,74800.0,23992458
2021-09-30,69498.609375,74100.0,74800.0,73700.0,74300.0,19919361
2021-10-01,68654.484375,73200.0,74000.0,72900.0,73900.0,15803395
2021-10-05,67716.59375,72200.0,73000.0,71400.0,73000.0,24013921
2021-10-06,66872.46875,71300.0,72800.0,71200.0,72600.0,18956962
2021-10-07,67153.8359375,71600.0,72100.0,71300.0,71600.0,13683532
2021-10-08,67060.046875,71500.0,72400.0,71500.0,72300.0,14043287
2021-10-12,64715.29296875,69000.0,70900.0,68700.0,70700.0,31001484
2021-10-13,64527.7109375,68800.0,69600.0,68300.0,68700.0,24172015
2021-10-14,65090.46484375,69400.0,69800.0,68800.0,69000.0,19520641
2021-10-15,65746.9921875,70100.0,71000.0,70000.0,70200.0,18051612
2021-10-18,65840.78125,70200.0,70300.0,69200.0,70200.0,13486391
2021-10-19,66215.9375,70600.0,71000.0,70400.0,70800.0,9507991
2021-10-20,65934.578125,70300.0,71000.0,70200.0,70700.0,10151638
2021-10-21,65840.78125,70200.0,70600.0,70000.0,70300.0,10891094
2021-10-22,66028.3515625,70400.0,70700.0,70000.0,70000.0,8395448
2021-10-25,65840.78125,70200.0,70600.0,69500.0,69900.0,10029621
2021-10-26,66684.8984375,71100.0,71500.0,70400.0,70600.0,10528252
2021-10-27,65746.9921875,70100.0,71000.0,70000.0,71000.0,10295316
2021-10-28,66309.734375,70700.0,72200.0,69500.0,69500.0,20644902
2021-10-29,65465.62109375,69800.0,71600.0,69700.0,71200.0,17016151
2021-11-01,65559.40625,69900.0,70600.0,69900.0,70200.0,11503729
2021-11-02,67060.046875,71500.0,72200.0,70700.0,70800.0,16812570
2021-11-03,66028.3515625,70400.0,71700.0,70100.0,71700.0,12770428
2021-11-04,66215.9375,70600.0,71600.0,70500.0,71200.0,11818987
2021-11-05,65840.78125,70200.0,71600.0,70200.0,71600.0,12667743
2021-11-08,66215.9375,70600.0,70600.0,69800.0,70400.0,11121981
2021-11-09,66122.1484375,70500.0,71000.0,70100.0,70300.0,11159589
2021-11-10,65840.78125,70200.0,70900.0,70200.0,70300.0,9422009
2021-11-11,65559.40625,69900.0,70000.0,69600.0,69900.0,11489122
2021-11-12,66215.9375,70600.0,70900.0,69900.0,70200.0,10087450
2021-11-15,66966.2578125,71400.0,71900.0,70900.0,71700.0,12420710
2021-11-16,66872.46875,71300.0,72000.0,71300.0,71500.0,10919239
2021-11-17,66309.734375,70700.0,71600.0,70600.0,71300.0,11027606
2021-11-18,65840.78125,70200.0,71000.0,70200.0,70700.0,10144957
2021-11-19,66778.6953125,71200.0,71400.0,70100.0,70400.0,11954728
2021-11-22,70248.921875,74900.0,75200.0,73000.0,73300.0,27506623
2021-11-23,70624.0859375,75300.0,76000.0,74500.0,76000.0,22029195
2021-11-24,70155.1328125,74800.0,76200.0,74100.0,76000.0,15652305
2021-11-25,69123.4375,73700.0,75100.0,73600.0,75100.0,12559258
2021-11-26,67810.375,72300.0,74100.0,72000.0,73500.0,13002242
2021-11-29,67810.375,72300.0,73000.0,71400.0,71700.0,16682559
2021-11-30,66872.46875,71300.0,73900.0,70500.0,73200.0,30364841
2021-12-01,69779.9765625,74400.0,74800.0,71600.0,72000.0,21954856
2021-12-02,71093.046875,75800.0,75800.0,73800.0,73900.0,23652940
2021-12-03,70905.453125,75600.0,76000.0,74100.0,75600.0,18330240
2021-12-06,71561.984375,76300.0,76700.0,74900.0,75100.0,16391250
2021-12-07,72593.671875,77400.0,77700.0,75600.0,76100.0,19232453
2021-12-08,72593.671875,77400.0,78600.0,77100.0,78300.0,21558340
2021-12-09,73344.0,78200.0,78200.0,77000.0,77400.0,21604528
2021-12-10,72124.734375,76900.0,77600.0,76800.0,77400.0,9155219
2021-12-13,72030.9375,76800.0,78300.0,76500.0,77200.0,15038750
2021-12-14,72218.515625,77000.0,77200.0,76200.0,76500.0,10976660
2021-12-15,72781.265625,77600.0,77600.0,76300.0,76400.0,9584939
2021-12-16,72968.8515625,77800.0,78500.0,77400.0,78500.0,11996128
2021-12-17,73156.421875,78000.0,78000.0,76800.0,76800.0,13108479
2021-12-20,72312.3046875,77100.0,77800.0,76800.0,77600.0,11264375
2021-12-21,73250.203125,78100.0,78300.0,77500.0,77900.0,14245298
2021-12-22,74469.4765625,79400.0,79400.0,78800.0,78900.0,17105892
2021-12-23,74938.4453125,79900.0,80000.0,79300.0,79800.0,13577498
2021-12-24,75501.171875,80500.0,80800.0,80200.0,80200.0,12086380
2021-12-27,75219.8046875,80200.0,80600.0,79800.0,80600.0,10783368
2021-12-28,75313.6015625,80300.0,80400.0,79700.0,80200.0,18226325
2021-12-29,74240.5,78800.0,80200.0,78500.0,80200.0,19794795
2021-12-30,73769.421875,78300.0,79500.0,78100.0,78900.0,14236700
2022-01-04,74146.28125,78700.0,79200.0,78300.0,78800.0,12427416
2022-01-05,72921.5,77400.0,79000.0,76400.0,78800.0,25470640
2022-01-06,72450.4453125,76900.0,77600.0,76600.0,76700.0,12931954
2022-01-07,73769.421875,78300.0,78400.0,77400.0,78100.0,15163757
2022-01-10,73486.7890625,78000.0,78100.0,77100.0,78100.0,9947422
2022-01-11,74334.7109375,78900.0,79000.0,78000.0,78400.0,13221123
2022-01-12,74334.7109375,78900.0,79600.0,78600.0,79500.0,11000502
2022-01-13,73392.578125,77900.0,79300.0,77900.0,79300.0,13889401
2022-01-14,72827.296875,77300.0,78100.0,77100.0,77700.0,10096725
2022-01-17,73015.71875,77500.0,77800.0,76900.0,77600.0,8785122
2022-01-18,72544.6484375,77000.0,77800.0,76600.0,77600.0,9592788
2022-01-19,71885.15625,76300.0,76900.0,76100.0,76500.0,10598290
2022-01-20,72073.59375,76500.0,76700.0,75900.0,76200.0,9708168
2022-01-21,71225.65625,75600.0,75800.0,74700.0,75800.0,15774888
2022-01-24,70754.578125,75100.0,75800.0,74700.0,75400.0,13691134
2022-01-25,69718.2421875,74000.0,75000.0,73200.0,74800.0,17766704
2022-01-26,69718.2421875,74000.0,74000.0,74000.0,74000.0,0
2022-01-27,67174.453125,71300.0,74000.0,71300.0,73800.0,22274777
2022-01-28,69058.734375,73300.0,73700.0,71200.0,71300.0,21367447
2022-02-03,69058.734375,73300.0,74900.0,73300.0,74900.0,17744721
2022-02-04,69718.2421875,74000.0,74600.0,73400.0,74300.0,12730034
2022-02-07,68776.1015625,73000.0,73600.0,72400.0,73500.0,14240838
2022-02-08,68776.1015625,73000.0,73000.0,73000.0,73000.0,0
2022-02-09,68776.1015625,73000.0,73000.0,73000.0,73000.0,0
2022-02-10,71037.234375,75400.0,75800.0,74700.0,75600.0,17746033
2022-02-11,70566.15625,74900.0,75500.0,74600.0,75000.0,12205407
2022-02-14,69435.578125,73700.0,74500.0,73100.0,74400.0,13993255
2022-02-15,69435.578125,73700.0,74200.0,73100.0,74100.0,9320365
2022-02-16,70471.9375,74800.0,74900.0,74200.0,74600.0,10767386
2022-02-17,70660.375,75000.0,75600.0,74500.0,75000.0,13605382
2022-02-18,70000.8671875,74300.0,74800.0,73700.0,74600.0,10122226
2022-02-21,70000.8671875,74300.0,74300.0,74300.0,74300.0,0
2022-02-22,70000.8671875,74300.0,74300.0,74300.0,74300.0,0
2022-02-23,70000.8671875,74300.0,74300.0,74300.0,74300.0,0
2022-02-24,67362.8828125,71500.0,72300.0,71300.0,72300.0,15759283
2022-02-25,67739.7578125,71900.0,72600.0,71900.0,72100.0,13168484
2022-02-28,67739.7578125,71900.0,71900.0,71900.0,71900.0,0
2022-03-02,67551.328125,71700.0,72400.0,71500.0,72300.0,12481430
2022-03-03,68681.875,72900.0,73100.0,72200.0,72300.0,13232638
2022-03-04,68681.875,72900.0,72900.0,72900.0,72900.0,0
2022-03-07,66043.890625,70100.0,70600.0,69900.0,70000.0,18617138
2022-03-08,65478.625,69500.0,70000.0,68700.0,68800.0,15828269
2022-03-10,65478.625,69500.0,69500.0,69500.0,69500.0,0
2022-03-11,65949.6875,70000.0,70700.0,69700.0,70500.0,15787655
2022-03-14,66138.125,70200.0,70200.0,69600.0,70000.0,9040993
2022-03-15,66138.125,70200.0,70200.0,70200.0,70200.0,0
2022-03-16,66326.546875,70400.0,70500.0,69700.0,70200.0,10175750
2022-03-17,66326.546875,70400.0,70400.0,70400.0,70400.0,0
2022-03-18,66609.1796875,70700.0,70900.0,70200.0,70600.0,14410038
2022-03-21,65855.4609375,69900.0,71000.0,69900.0,70900.0,11169002
2022-03-22,66232.34375,70300.0,70500.0,69900.0,69900.0,9402666
2022-03-23,66420.75,70500.0,71200.0,70300.0,70600.0,12398025
2022-03-24,65761.2578125,69800.0,70300.0,69600.0,69600.0,37943357
2022-03-25,65761.2578125,69800.0,70200.0,69600.0,70100.0,12986010
2022-03-28,65667.0390625,69700.0,69900.0,69200.0,69500.0,12619289
2022-03-29,66138.125,70200.0,70300.0,69800.0,70000.0,13686208
2022-03-30,66195.875,69900.0,70500.0,69800.0,70300.0,12670187
2022-03-31,65911.78125,69600.0,70200.0,69600.0,69900.0,12510366
2022-04-01,65438.2734375,69100.0,69500.0,69000.0,69500.0,15916846
2022-04-04,65627.671875,69300.0,69300.0,68600.0,68900.0,11107905
2022-04-05,65532.984375,69200.0,69600.0,69100.0,69400.0,8467248
2022-04-06,64870.078125,68500.0,68800.0,68500.0,68600.0,15517308
2022-04-07,64396.56640625,68000.0,68500.0,68000.0,68500.0,20683327
2022-04-08,64207.15234375,67800.0,68300.0,67700.0,68100.0,15453191
2022-04-11,64301.87109375,67900.0,68100.0,67400.0,67800.0,12263735
2022-04-12,63449.5625,67000.0,67700.0,67000.0,67600.0,13924389
2022-04-13,65059.46484375,68700.0,69000.0,67200.0,67300.0,17378619
2022-04-14,63923.0625,67500.0,68700.0,67500.0,68700.0,16409494
2022-04-15,63070.7578125,66600.0,67300.0,66500.0,67200.0,13176415
2022-04-18,63165.44921875,66700.0,67100.0,66100.0,66500.0,10119203
2022-04-19,63733.65625,67300.0,68000.0,67000.0,67100.0,12959434
2022-04-20,63828.36328125,67400.0,67400.0,66500.0,67000.0,16693293
2022-04-21,64112.45703125,67700.0,68300.0,67500.0,67600.0,12847448
2022-04-22,63449.5625,67000.0,67300.0,66700.0,67200.0,11791478
2022-04-25,62786.64453125,66300.0,66700.0,66300.0,66500.0,11016474
2022-04-26,62597.2421875,66100.0,66700.0,66100.0,66400.0,12946923
2022-04-27,61555.5390625,65000.0,65500.0,64900.0,65400.0,18122084
2022-04-28,61366.13671875,64800.0,65500.0,64500.0,65400.0,16895527
2022-04-29,63828.36328125,67400.0,67600.0,65000.0,65100.0,26190390
2022-05-02,63733.65625,67300.0,67600.0,66500.0,66600.0,14106184
2022-05-03,63923.0625,67500.0,68400.0,67300.0,67400.0,14168875
2022-05-04,64301.87109375,67900.0,68400.0,67500.0,68000.0,11505248
2022-05-06,62976.05078125,66500.0,67100.0,66500.0,67000.0,14356156
2022-05-10,62218.4453125,65700.0,66300.0,65300.0,65900.0,17235605
2022-05-11,62218.4453125,65700.0,66300.0,65200.0,65500.0,12330920
2022-05-12,61460.83984375,64900.0,65500.0,64900.0,65200.0,16414188
2022-05-13,62976.05078125,66500.0,66700.0,65200.0,65300.0,14551536
2022-05-16,62786.64453125,66300.0,67400.0,66100.0,67100.0,11937555
2022-05-17,64017.7578125,67600.0,67900.0,66600.0,66600.0,15680447
2022-05-18,64491.265625,68100.0,68700.0,67600.0,68300.0,16486319
2022-05-19,63923.0625,67500.0,67600.0,66500.0,66500.0,17073727
2022-05-20,64396.56640625,68000.0,68400.0,67700.0,67800.0,12109671
2022-05-23,64301.87109375,67900.0,68800.0,67600.0,68800.0,13684088
2022-05-24,62976.05078125,66500.0,67700.0,66500.0,67500.0,15482576
2022-05-25,62881.35546875,66400.0,67100.0,65900.0,66700.0,15150490
2022-05-26,62407.84375,65900.0,67200.0,65500.0,66300.0,15970890
2022-05-27,62976.05078125,66500.0,66900.0,66200.0,66700.0,11405555
2022-05-30,64112.45703125,67700.0,67800.0,66900.0,67500.0,14255484
2022-05-31,63828.36328125,67400.0,67500.0,66700.0,67500.0,24365002
2022-06-02,63165.44921875,66700.0,67000.0,66400.0,66600.0,14959443
2022-06-03,63260.14453125,66800.0,67300.0,66800.0,67200.0,8222883
2022-06-07,62029.04296875,65500.0,66400.0,65400.0,66200.0,19355755
2022-06-08,61839.63671875,65300.0,65700.0,65300.0,65400.0,12483180
2022-06-09,61744.9375,65200.0,65200.0,64500.0,65100.0,25790725
2022-06-10,60419.125,63800.0,64400.0,63800.0,64000.0,22193552
2022-06-13,58809.20703125,62100.0,62800.0,62100.0,62400.0,22157816
2022-06-14,58619.8125,61900.0,62200.0,61100.0,61200.0,24606419
2022-06-15,57483.40625,60700.0,61500.0,60200.0,61300.0,26811224
2022-06-16,57672.80078125,60900.0,61800.0,60500.0,61300.0,23394895
2022-06-17,56631.09375,59800.0,59900.0,59400.0,59400.0,29053450
2022-06-20,55589.3828125,58700.0,59900.0,58100.0,59800.0,34111306
2022-06-21,55399.984375,58500.0,59200.0,58200.0,58700.0,25148109
2022-06-22,54547.6796875,57600.0,59100.0,57600.0,59000.0,23334687
2022-06-23,54358.27734375,57400.0,58000.0,56800.0,57700.0,28338608
2022-06-24,55305.27734375,58400.0,59100.0,57700.0,57900.0,23256103
2022-06-27,55684.09375,58800.0,59900.0,58300.0,59000.0,18122236
2022-06-28,56252.29296875,59400.0,59500.0,58700.0,59200.0,13540538
2022-06-29,55262.33984375,58000.0,58800.0,58000.0,58500.0,14677138
2022-06-30,54309.5390625,57000.0,57600.0,57000.0,57200.0,18915142
2022-07-01,53547.29296875,56200.0,57500.0,55900.0,56900.0,24982097
2022-07-04,54404.8125,57100.0,57400.0,55700.0,56100.0,17807126
2022-07-05,54500.1015625,57200.0,58200.0,57200.0,57600.0,14216539
2022-07-06,53737.85546875,56400.0,57300.0,56400.0,57300.0,16820461
2022-07-07,55452.89453125,58200.0,58700.0,56300.0,56400.0,21322833
2022-07-08,55929.29296875,58700.0,59300.0,58200.0,58600.0,15339271
2022-07-11,56024.578125,58800.0,59600.0,58700.0,59300.0,13042624
2022-07-12,55357.6171875,58100.0,58700.0,58100.0,58600.0,9336061
2022-07-13,55262.33984375,58000.0,58600.0,58000.0,58300.0,10841315
2022-07-14,54785.9375,57500.0,58200.0,57400.0,57500.0,15067012
2022-07-15,57167.9375,60000.0,60000.0,58100.0,58400.0,18685583
2022-07-18,58978.24609375,61900.0,62000.0,60500.0,60600.0,20832517
2022-07-19,58025.44921875,60900.0,61500.0,60200.0,61400.0,15248261
2022-07-20,57644.328125,60500.0,62100.0,60500.0,61800.0,16782238
2022-07-21,58882.9765625,61800.0,61900.0,60700.0,61100.0,12291374
2022-07-22,58406.5703125,61300.0,62200.0,61200.0,61800.0,10261310
2022-07-25,58216.015625,61100.0,61900.0,60800.0,60900.0,9193681
2022-07-26,58787.6953125,61700.0,61900.0,60800.0,60800.0,6597211
2022-07-27,58882.9765625,61800.0,61900.0,61200.0,61300.0,7320997
2022-07-28,58978.24609375,61900.0,62600.0,61600.0,62300.0,10745302
2022-07-29,58501.84765625,61400.0,62600.0,61300.0,62400.0,15093120
2022-08-01,58406.5703125,61300.0,61700.0,60300.0,61000.0,13154816
2022-08-02,58787.6953125,61700.0,61900.0,61000.0,61200.0,13614895
2022-08-03,58406.5703125,61300.0,61600.0,61000.0,61600.0,10053861
2022-08-04,58597.1328125,61500.0,61800.0,61200.0,61700.0,9125439
2022-08-05,58597.1328125,61500.0,61900.0,61200.0,61700.0,9567620
2022-08-08,57930.171875,60800.0,61400.0,60600.0,61400.0,11313150
2022-08-09,57167.9375,60000.0,60700.0,59600.0,60600.0,18251170
2022-08-10,56310.4140625,59100.0,59200.0,58600.0,58900.0,18084349
2022-08-11,57072.65234375,59900.0,60000.0,59300.0,59600.0,15141941
2022-08-12,57358.49609375,60200.0,60700.0,59400.0,59500.0,10786658
2022-08-16,58120.734375,61000.0,61600.0,60300.0,60500.0,15036727
2022-08-17,57549.05078125,60400.0,61200.0,60300.0,61100.0,9061518
2022-08-18,58597.1328125,61500.0,61900.0,60000.0,60300.0,16372754
2022-08-19,58025.44921875,60900.0,61600.0,60600.0,61400.0,6923679
2022-08-22,57167.9375,60000.0,60400.0,59800.0,60300.0,8259865
2022-08-23,56310.4140625,59100.0,59600.0,59000.0,59000.0,9041629
2022-08-24,56215.1328125,59000.0,59500.0,59000.0,59200.0,8888486
2022-08-25,56882.09375,59700.0,59700.0,59000.0,59200.0,5767902
2022-08-26,57167.9375,60000.0,60900.0,59900.0,60300.0,9499995
2022-08-29,55834.0234375,58600.0,58900.0,58600.0,58700.0,9841329
2022-08-30,56024.578125,58800.0,59000.0,58300.0,58700.0,9690044
2022-08-31,56882.09375,59700.0,59900.0,58200.0,58200.0,14203512
2022-09-01,55643.453125,58400.0,58900.0,58300.0,58700.0,14905777
2022-09-02,54785.9375,57500.0,58600.0,57500.0,58300.0,15040310
2022-09-05,54404.8125,57100.0,57800.0,56800.0,57400.0,11425977
2022-09-06,54404.8125,57100.0,57600.0,56900.0,57200.0,7503086
2022-09-07,53356.734375,56000.0,56700.0,55900.0,56700.0,17384854
2022-09-08,52975.6171875,55600.0,56400.0,55600.0,56200.0,18000016
2022-09-13,55357.6171875,58100.0,58500.0,56800.0,57000.0,17166581
2022-09-14,54118.984375,56800.0,57200.0,56100.0,56200.0,12524961
2022-09-15,53356.734375,56000.0,57100.0,56000.0,57000.0,11664819
2022-09-16,53547.29296875,56200.0,56400.0,55500.0,55600.0,13456503
2022-09-19,53737.85546875,56400.0,57000.0,56000.0,56300.0,12278653
2022-09-20,53166.18359375,55800.0,57000.0,55800.0,56400.0,14041465
2022-09-21,52689.78515625,55300.0,55500.0,55000.0,55400.0,11863700
2022-09-22,51832.26171875,54400.0,54700.0,54300.0,54600.0,12786510
2022-09-23,51927.5390625,54500.0,54900.0,54200.0,54400.0,10555964
2022-09-26,51355.8671875,53900.0,54200.0,53600.0,53700.0,15008449
2022-09-27,51641.69140625,54200.0,54200.0,53500.0,53800.0,16631289
2022-09-28,50403.0625,52900.0,54400.0,52500.0,53900.0,19991129
2022-09-29,50461.58203125,52600.0,53700.0,52600.0,53300.0,13882080
2022-09-30,50941.25390625,53100.0,53600.0,51800.0,52300.0,22503249
2022-10-04,52955.87890625,55200.0,55400.0,54500.0,55300.0,19148435
2022-10-05,53723.3515625,56000.0,57200.0,55400.0,56900.0,22458970
2022-10-06,54011.15625,56300.0,57300.0,56300.0,56700.0,14944446
2022-10-07,53915.22265625,56200.0,56900.0,55200.0,55900.0,16886813
2022-10-11,53147.75,55400.0,55700.0,54000.0,54400.0,21437877
2022-10-12,53531.48828125,55800.0,57000.0,55200.0,55700.0,18408910
2022-10-13,52955.87890625,55200.0,56100.0,55200.0,55400.0,13784602
2022-10-14,54011.15625,56300.0,56500.0,55800.0,56200.0,12924326
2022-10-17,54298.9609375,56600.0,57000.0,55700.0,55800.0,13641878
2022-10-18,54203.03515625,56500.0,57100.0,55800.0,56700.0,14820702
2022-10-19,53531.48828125,55800.0,56900.0,55700.0,56700.0,12660652
2022-10-20,53243.6875,55500.0,56000.0,55100.0,55200.0,17107653
2022-10-21,53627.41796875,55900.0,56300.0,55100.0,55100.0,11456060
2022-10-24,55162.37109375,57500.0,57500.0,56700.0,57000.0,16944503
2022-10-25,55354.23828125,57700.0,58600.0,57000.0,57000.0,17405678
2022-10-26,56985.1328125,59400.0,59600.0,57700.0,58000.0,20824967
2022-10-27,57081.0703125,59500.0,60100.0,58900.0,59700.0,21756712
2022-10-28,54970.50390625,57300.0,59200.0,57200.0,58900.0,20924937
2022-10-31,56985.1328125,59400.0,59900.0,58000.0,58100.0,18999514
2022-11-01,57560.7421875,60000.0,60300.0,59500.0,59900.0,17201647
2022-11-02,57177.0,59600.0,60000.0,59300.0,59700.0,13202919
2022-11-03,56793.26171875,59200.0,59800.0,58100.0,58600.0,17492162
2022-11-04,56985.1328125,59400.0,59500.0,58400.0,59100.0,12445841
2022-11-07,57752.609375,60200.0,60300.0,59400.0,59700.0,12437246
2022-11-08,59287.56640625,61800.0,61900.0,60500.0,60500.0,18273898
2022-11-09,59479.4296875,62000.0,62200.0,61300.0,62000.0,14045592
2022-11-10,57944.48046875,60400.0,61500.0,60400.0,61400.0,21087633
2022-11-11,60342.8359375,62900.0,63200.0,62300.0,63100.0,20037163
2022-11-14,59383.5,61900.0,62900.0,61700.0,62900.0,15973416
2022-11-15,59863.16796875,62400.0,62500.0,61600.0,62200.0,12310986
2022-11-16,60150.97265625,62700.0,62700.0,61700.0,62400.0,12909260
2022-11-17,58903.82421875,61400.0,62000.0,61300.0,62000.0,13298296
2022-11-18,59287.56640625,61800.0,62400.0,61400.0,61800.0,12236503
2022-11-21,58903.82421875,61400.0,61800.0,60800.0,61400.0,9378097
2022-11-22,58136.34765625,60600.0,61200.0,60300.0,60900.0,9411289
2022-11-23,58520.0859375,61000.0,61300.0,60700.0,61200.0,8765050
2022-11-24,58903.82421875,61400.0,61700.0,60900.0,61200.0,8125010
2022-11-25,58520.0859375,61000.0,61700.0,60800.0,61400.0,6677933
2022-11-28,57656.67578125,60100.0,60500.0,59800.0,60500.0,8589032
2022-11-29,58136.34765625,60600.0,60600.0,59800.0,59900.0,7014160
2022-11-30,59671.296875,62200.0,62200.0,60200.0,60400.0,19768903
2022-12-01,60055.0390625,62600.0,63200.0,62300.0,63100.0,16631445
2022-12-02,57944.48046875,60400.0,62500.0,60400.0,62500.0,15331184
2022-12-05,57848.546875,60300.0,61100.0,60000.0,60900.0,13767787
2022-12-06,56793.26171875,59200.0,60100.0,59200.0,59800.0,13888300
2022-12-07,56505.45703125,58900.0,59600.0,58500.0,58800.0,12100662
2022-12-08,56793.26171875,59200.0,59200.0,58600.0,58700.0,12986815
2022-12-09,57944.48046875,60400.0,60600.0,59300.0,59300.0,10529632
2022-12-12,57081.0703125,59500.0,60000.0,59400.0,59900.0,9036472
2022-12-13,57272.94140625,59700.0,60300.0,59400.0,59600.0,9040873
2022-12-14,58040.41015625,60500.0,60600.0,59800.0,59800.0,8207485
2022-12-15,56889.19921875,59300.0,60200.0,59300.0,59800.0,8716039
2022-12-16,57081.0703125,59500.0,59500.0,58300.0,58300.0,13033596
2022-12-19,57081.0703125,59500.0,59900.0,59100.0,59500.0,7696187
2022-12-20,56217.65625,58600.0,59100.0,58500.0,59000.0,9284761
2022-12-21,55642.05078125,58000.0,59100.0,58000.0,58700.0,10356971
2022-12-22,56697.33203125,59100.0,59100.0,58100.0,58100.0,10720630
2022-12-23,55737.984375,58100.0,58400.0,57700.0,58200.0,9829407
2022-12-26,55546.11328125,57900.0,58100.0,57700.0,58000.0,6756411
2022-12-27,55737.984375,58100.0,58400.0,57900.0,58000.0,10667027
2022-12-28,54638.45703125,56600.0,57600.0,56400.0,57600.0,14665410
2022-12-29,53383.5078125,55300.0,56200.0,55300.0,56000.0,11295935
2023-01-02,53576.578125,55500.0,56100.0,55200.0,55500.0,10031448
2023-01-03,53480.046875,55400.0,56000.0,54500.0,55400.0,13547030
2023-01-04,55796.8671875,57800.0,58000.0,55600.0,55700.0,20188071
2023-01-05,56183.0078125,58200.0,58800.0,57600.0,58200.0,15682826
2023-01-06,56955.28515625,59000.0,59400.0,57900.0,58300.0,17334989
2023-01-09,58596.36328125,60700.0,60700.0,59600.0,59700.0,18640107
2023-01-10,58306.76171875,60400.0,61100.0,59900.0,60200.0,14859797
2023-01-11,58403.296875,60500.0,61200.0,60300.0,61000.0,12310751
2023-01-12,58403.296875,60500.0,61200.0,59900.0,61100.0,16102561
2023-01-13,58692.90234375,60800.0,61200.0,60400.0,60500.0,12510328
2023-01-16,58982.50390625,61100.0,61600.0,60800.0,61300.0,10039972
2023-01-17,58885.96875,61000.0,61500.0,60600.0,61200.0,9831456
2023-01-18,58306.76171875,60400.0,61000.0,59900.0,60700.0,11584041
2023-01-19,59368.640625,61500.0,61500.0,60400.0,60500.0,12808490
2023-01-20,59658.24609375,61800.0,62300.0,61100.0,62100.0,9646327
2023-01-25,61106.265625,63300.0,63700.0,63000.0,63500.0,39217
2023-01-26,61588.9375,63800.0,63900.0,63300.0,63800.0,54188
2023-01-27,62361.2109375,64600.0,65000.0,63900.0,64400.0,44282
2023-01-30,61106.265625,63300.0,64900.0,63100.0,64900.0,59628
2023-01-31,59272.10546875,61400.0,63700.0,61000.0,63500.0,163847
2023-02-01,58885.96875,61000.0,62700.0,61000.0,62600.0,98585
2023-02-02,61299.32421875,63500.0,63900.0,62600.0,63200.0,65992
2023-02-03,61299.32421875,63500.0,64000.0,63000.0,63900.0,47567
2023-02-06,59465.171875,61600.0,63000.0,61600.0,62800.0,144104
2023-02-07,59851.3125,62000.0,62500.0,61600.0,61900.0,32873
2023-02-08,60913.19140625,63100.0,63300.0,62400.0,62800.0,42558
2023-02-09,61106.265625,63300.0,63300.0,62300.0,63000.0,48035
2023-02-10,60720.125,62900.0,63000.0,62400.0,62600.0,44786
2023-02-13,60720.125,62900.0,63000.0,62300.0,62900.0,59395
2023-02-14,61009.72265625,63200.0,63900.0,63200.0,63600.0,70606
2023-02-15,60044.375,62200.0,63900.0,62000.0,63900.0,58370
2023-02-16,61492.39453125,63700.0,63700.0,62400.0,62500.0,41448
2023-02-17,60430.515625,62600.0,63300.0,62400.0,62900.0,28613
2023-02-20,60527.046875,62700.0,63000.0,61800.0,62900.0,29846
2023-02-21,59947.84375,62100.0,62800.0,62000.0,62700.0,60971
2023-02-22,58982.50390625,61100.0,61800.0,61000.0,61500.0,39178
2023-02-23,59851.3125,62000.0,62500.0,61500.0,61700.0,37145
2023-02-24,59175.5703125,61300.0,62600.0,61300.0,62300.0,50792
2023-02-27,58403.296875,60500.0,60800.0,60200.0,60800.0,11155697
2023-02-28,58499.828125,60600.0,61400.0,60500.0,60800.0,13715861
2023-03-02,58692.90234375,60800.0,61800.0,60500.0,60900.0,13095682
2023-03-03,58403.296875,60500.0,61200.0,60500.0,61000.0,10711405
2023-03-06,59368.640625,61500.0,61600.0,60800.0,61100.0,13630602
2023-03-07,58596.36328125,60700.0,61400.0,60700.0,61400.0,11473280
2023-03-08,58210.2265625,60300.0,60500.0,59900.0,60100.0,14161857
2023-03-09,58017.15625,60100.0,60800.0,59900.0,60500.0,14334499
2023-03-10,57437.953125,59500.0,59700.0,59100.0,59500.0,11902471
2023-03-13,57920.62109375,60000.0,60200.0,59300.0,59900.0,12779724
2023-03-14,56955.28515625,59000.0,59500.0,59000.0,59400.0,12147346
2023-03-15,57727.5546875,59800.0,60300.0,59600.0,60000.0,10482149
2023-03-16,57824.08984375,59900.0,60200.0,59100.0,59200.0,10611939
2023-03-17,59175.5703125,61300.0,61300.0,60600.0,60800.0,14090110
2023-03-20,58113.6953125,60200.0,61200.0,60200.0,61100.0,9618009
2023-03-21,58210.2265625,60300.0,60700.0,60100.0,60500.0,8318514
2023-03-22,58982.50390625,61100.0,61200.0,60500.0,61000.0,8978591
2023-03-23,60140.91796875,62300.0,62300.0,60600.0,60600.0,15381057
2023-03-24,60816.65625,63000.0,63300.0,62300.0,62700.0,18278602
2023-03-27,59947.84375,62100.0,62800.0,62000.0,62600.0,11039331
2023-03-28,60720.125,62900.0,62900.0,62100.0,62400.0,11614118
2023-03-29,60527.046875,62700.0,62700.0,62200.0,62500.0,11216008
2023-03-30,61363.0234375,63200.0,63700.0,63100.0,63700.0,15684377
2023-03-31,62139.7734375,64000.0,64000.0,63700.0,64000.0,14094479
2023-04-03,61265.93359375,63100.0,64000.0,63000.0,64000.0,11973133
2023-04-04,61751.3984375,63600.0,63800.0,62800.0,63400.0,11120514
2023-04-05,62042.6796875,63900.0,64000.0,63400.0,63700.0,9176149
2023-04-06,60489.18359375,62300.0,63600.0,62300.0,63500.0,14992747
2023-04-07,63110.70703125,65000.0,65200.0,63800.0,63800.0,27476120
2023-04-10,63790.36328125,65700.0,66300.0,64700.0,64800.0,18777166
2023-04-11,63984.55078125,65900.0,66200.0,65400.0,66200.0,16323183
2023-04-12,64081.640625,66000.0,66200.0,65300.0,65800.0,15021313
2023-04-13,64178.73046875,66100.0,66100.0,65400.0,65600.0,15091022
2023-04-14,63207.80078125,65100.0,66600.0,65000.0,66600.0,16176490
2023-04-17,63401.98828125,65300.0,65600.0,64700.0,65000.0,13486618
2023-04-18,63693.26953125,65600.0,66000.0,64800.0,65900.0,14802060
2023-04-19,63596.1796875,65500.0,65800.0,65300.0,65500.0,10255985
2023-04-20,63401.98828125,65300.0,65300.0,64600.0,65100.0,9501169
2023-04-21,63790.36328125,65700.0,65900.0,65400.0,65800.0,10538622
2023-04-24,63304.890625,65200.0,65700.0,64800.0,65300.0,12986581
2023-04-25,61751.3984375,63600.0,65400.0,63400.0,65300.0,16193271
2023-04-26,62236.86328125,64100.0,64300.0,63300.0,63600.0,12664541
2023-04-27,62722.3359375,64600.0,65000.0,63300.0,64100.0,14779601
2023-04-28,63596.1796875,65500.0,65900.0,65000.0,65200.0,19699481
2023-05-02,63790.36328125,65700.0,66300.0,65100.0,66000.0,14396948
2023-05-03,63499.08203125,65400.0,65600.0,64900.0,65100.0,8876749
2023-05-04,63207.80078125,65100.0,65700.0,64700.0,65600.0,9791064
2023-05-08,63984.55078125,65900.0,66300.0,65400.0,66300.0,9405365
2023-05-09,63401.98828125,65300.0,65800.0,65100.0,65800.0,9366861
2023-05-10,62722.3359375,64600.0,65500.0,64300.0,65500.0,13057727
2023-05-11,62333.9609375,64200.0,65100.0,64200.0,64700.0,11648905
2023-05-12,62236.86328125,64100.0,64600.0,63600.0,63700.0,8693913
2023-05-15,62625.2421875,64500.0,64600.0,63900.0,64100.0,8172021
2023-05-16,63499.08203125,65400.0,65900.0,65300.0,65800.0,12334657
2023-05-17,63110.70703125,65000.0,65900.0,64800.0,65900.0,10745504
2023-05-18,64275.828125,66200.0,66200.0,65700.0,66000.0,14431704
2023-05-19,66411.8828125,68400.0,68400.0,67500.0,67800.0,20349345
2023-05-22,66508.984375,68500.0,69000.0,68000.0,68400.0,14470308
2023-05-23,66411.8828125,68400.0,68700.0,68100.0,68500.0,8561643
2023-05-24,66508.984375,68500.0,68700.0,68000.0,68100.0,8192896
2023-05-25,66800.2578125,68800.0,70000.0,68700.0,69900.0,14231160
2023-05-26,68256.65625,70300.0,70400.0,69500.0,69800.0,19549511
2023-05-30,70198.53125,72300.0,72300.0,71200.0,71300.0,27476897
2023-05-31,69324.6875,71400.0,72500.0,71000.0,72400.0,25666087
2023-06-01,68839.21875,70900.0,71600.0,70600.0,70900.0,14669296
2023-06-02,70101.4375,72200.0,72200.0,71600.0,71700.0,12161798
2023-06-05,69615.96875,71700.0,72700.0,71400.0,72700.0,12686829
2023-06-07,68936.3125,71000.0,71600.0,70800.0,71300.0,14796613
2023-06-08,68839.21875,70900.0,70900.0,70000.0,70400.0,19165568
2023-06-09,69907.25,72000.0,72300.0,70800.0,71100.0,15050209
2023-06-12,68936.3125,71000.0,72400.0,70800.0,72100.0,12064287
2023-06-13,69907.25,72000.0,72200.0,71600.0,71700.0,13227285
2023-06-14,69810.1484375,71900.0,72200.0,71100.0,72100.0,12541046
2023-06-15,69421.7734375,71500.0,72300.0,71300.0,72100.0,13614994
2023-06-16,69713.0546875,71800.0,71900.0,70900.0,71800.0,15373696
2023-06-19,69130.5078125,71200.0,71700.0,70900.0,71300.0,11100887
2023-06-20,69324.6875,71400.0,71400.0,70400.0,70700.0,11557883
2023-06-21,68450.8359375,70500.0,71200.0,70400.0,70700.0,10626603
2023-06-22,69227.59375,71300.0,71500.0,70100.0,70200.0,11411007
2023-06-23,69518.875,71600.0,72200.0,71600.0,72000.0,12329484
2023-06-26,70295.625,72400.0,72500.0,71500.0,71700.0,10541901
2023-06-27,70489.8046875,72600.0,72600.0,72000.0,72500.0,9442997
2023-06-28,70586.8984375,72700.0,72700.0,72000.0,72600.0,8783093
2023-06-29,70646.421875,72400.0,73400.0,72400.0,73100.0,12229967
2023-06-30,70451.265625,72200.0,72700.0,71700.0,72500.0,11694765
2023-07-03,71231.890625,73000.0,73200.0,72600.0,72700.0,10722181
2023-07-04,71231.890625,73000.0,73600.0,72900.0,73400.0,10214350
2023-07-05,70256.109375,72000.0,73300.0,71900.0,73000.0,12310610
2023-07-06,69865.7890625,71600.0,72400.0,71500.0,71900.0,14777667
2023-07-07,68206.9765625,69900.0,71400.0,69800.0,71100.0,17308877
2023-07-10,67816.6484375,69500.0,70400.0,69200.0,70000.0,11713926
2023-07-11,69768.2109375,71500.0,71500.0,70100.0,70200.0,12177392
2023-07-12,70158.5234375,71900.0,72000.0,71100.0,71200.0,10375581
2023-07-13,70158.5234375,71900.0,72600.0,71900.0,72400.0,14417279
2023-07-14,71622.203125,73400.0,73400.0,72400.0,72500.0,15882519
2023-07-17,71524.6171875,73300.0,73500.0,72800.0,73200.0,10060049
2023-07-18,70256.109375,72000.0,73500.0,72000.0,73200.0,11697900
2023-07-19,69963.375,71700.0,72800.0,71300.0,72700.0,10896412
2023-07-20,69280.3359375,71000.0,71500.0,70800.0,71100.0,9732730
2023-07-21,68597.2890625,70300.0,70400.0,69400.0,70400.0,16528926
2023-07-24,68694.8671875,70400.0,70900.0,69900.0,70100.0,13418597
2023-07-25,68304.5546875,70000.0,70500.0,69800.0,70000.0,14314945
2023-07-26,68109.390625,69800.0,70600.0,68100.0,69800.0,30016221
2023-07-27,69963.375,71700.0,71700.0,69300.0,69900.0,24261179
2023-07-28,68890.0234375,70600.0,72400.0,70100.0,71800.0,19420683
2023-07-31,68109.390625,69800.0,71000.0,69800.0,70900.0,13035420
2023-08-01,69377.9140625,71100.0,71200.0,70000.0,70100.0,12299254
2023-08-02,68206.9765625,69900.0,71000.0,69800.0,70700.0,13835020
2023-08-03,67133.6171875,68800.0,70200.0,68500.0,69900.0,20087090
2023-08-04,66645.7265625,68300.0,69100.0,68200.0,68800.0,12360193
2023-08-07,66840.875,68500.0,69200.0,67600.0,67700.0,10968505
2023-08-08,65962.6796875,67600.0,69100.0,67400.0,69000.0,14664709
2023-08-09,67231.203125,68900.0,69600.0,67900.0,68000.0,17259673
2023-08-10,66352.9921875,68000.0,68500.0,67800.0,68300.0,10227311
2023-08-11,65865.09375,67500.0,68800.0,67500.0,68400.0,9781038
2023-08-14,65669.953125,67300.0,67900.0,66900.0,67500.0,9352343
2023-08-16,65377.2109375,67000.0,67100.0,66300.0,66700.0,13174578
2023-08-17,65084.4765625,66700.0,66800.0,66000.0,66300.0,10778652
2023-08-18,64694.1640625,66300.0,66700.0,65800.0,66000.0,11745006
2023-08-21,64986.8984375,66600.0,67100.0,66300.0,66600.0,9720067
2023-08-22,64986.8984375,66600.0,67700.0,66300.0,67200.0,10500242
2023-08-23,65474.80078125,67100.0,67100.0,66400.0,66700.0,9549352
2023-08-24,66548.1484375,68200.0,68700.0,67900.0,68300.0,15044463
2023-08-25,65474.80078125,67100.0,67400.0,66900.0,67100.0,7032462
2023-08-28,65182.0625,66800.0,67000.0,66500.0,66800.0,5824628
2023-08-29,65182.0625,66800.0,67200.0,66600.0,66900.0,9114352
2023-08-30,65474.80078125,67100.0,67700.0,67100.0,67300.0,9181223
2023-08-31,65279.63671875,66900.0,67200.0,66400.0,67100.0,15964630
2023-09-01,69280.3359375,71000.0,71000.0,66700.0,66800.0,29738235
2023-09-04,69475.484375,71200.0,72900.0,70700.0,72900.0,26286495
2023-09-05,68987.59375,70700.0,71500.0,70200.0,70900.0,12330239
2023-09-06,68304.5546875,70000.0,70800.0,69700.0,70700.0,11414620
2023-09-07,68694.8671875,70400.0,70600.0,69600.0,70000.0,13741241
2023-09-08,68597.2890625,70300.0,70300.0,69600.0,70200.0,10688118
2023-09-11,69085.171875,70800.0,70800.0,70000.0,70400.0,11785462
2023-09-12,68792.4375,70500.0,71000.0,70400.0,70800.0,11688599
2023-09-13,69182.75,70900.0,71600.0,70300.0,71100.0,15955797
2023-09-14,69963.375,71700.0,71800.0,70800.0,71200.0,21041407
2023-09-15,70256.109375,72000.0,72300.0,71400.0,71700.0,17823512
2023-09-18,68499.703125,70200.0,71700.0,70200.0,71300.0,16040727
2023-09-19,68109.390625,69800.0,70800.0,69600.0,70400.0,11820188
2023-09-20,67914.2421875,69600.0,70300.0,69500.0,70000.0,10873015
2023-09-21,67231.203125,68900.0,69800.0,68800.0,69200.0,10796336
2023-09-22,67133.6171875,68800.0,68900.0,68300.0,68300.0,9897840
2023-09-25,67719.078125,69400.0,69700.0,68500.0,68500.0,13582516
2023-09-26,67288.4765625,68600.0,70000.0,68400.0,70000.0,13143470
2023-09-27,67092.3046875,68400.0,69100.0,68200.0,68600.0,14886491
2023-10-04,66209.5078125,67500.0,67700.0,66700.0,67400.0,23361149
2023-10-05,65424.8046875,66700.0,67400.0,66700.0,67300.0,16108313
2023-10-06,64738.1875,66000.0,67300.0,66000.0,67100.0,14386527
2023-10-10,65130.5390625,66400.0,67600.0,66200.0,66200.0,19889202
2023-10-11,66896.125,68200.0,69400.0,67900.0,68600.0,25209349
2023-10-12,67582.75,68900.0,69700.0,68200.0,68600.0,19311380
2023-10-13,66699.953125,68000.0,68500.0,67700.0,68000.0,9724086
2023-10-16,66013.3359375,67300.0,68500.0,66800.0,67900.0,12599299
2023-10-17,68073.1796875,69400.0,69900.0,67400.0,67700.0,17299253
2023-10-18,69152.15625,70500.0,70500.0,68800.0,68900.0,16493184
2023-10-19,68171.265625,69500.0,70000.0,69400.0,69700.0,13985012
2023-10-20,67484.65625,68800.0,69200.0,68100.0,68900.0,15204495
2023-10-23,67092.3046875,68400.0,69100.0,68200.0,68700.0,11625959
2023-10-24,67190.390625,68500.0,68800.0,67700.0,68700.0,12791710
2023-10-25,66699.953125,68000.0,68800.0,67900.0,68800.0,10610703
2023-10-26,65424.8046875,66700.0,67900.0,66700.0,67000.0,15517624
2023-10-27,66013.3359375,67300.0,67300.0,66700.0,67100.0,11334726
2023-10-30,66013.3359375,67300.0,67800.0,66700.0,66800.0,10139270
2023-10-31,65620.984375,66900.0,68300.0,66900.0,67600.0,14488892
2023-11-01,67288.4765625,68600.0,68900.0,67300.0,67500.0,13775256
2023-11-02,68367.4453125,69700.0,70000.0,69400.0,70000.0,16350031
2023-11-03,68269.359375,69600.0,70200.0,69500.0,69700.0,10322234
2023-11-06,69544.5078125,70900.0,70900.0,69300.0,69800.0,22228489
2023-11-07,69544.5078125,70900.0,70900.0,70000.0,70600.0,17228731
2023-11-08,68563.625,69900.0,71400.0,69700.0,71300.0,12901310
2023-11-09,68955.9765625,70300.0,70800.0,69600.0,69900.0,12301373
2023-11-10,69152.15625,70500.0,70500.0,69500.0,70000.0,9684347
2023-11-13,69054.0703125,70400.0,71300.0,70300.0,71300.0,9246919
2023-11-14,69446.4140625,70800.0,71100.0,70600.0,71000.0,9567984
2023-11-15,70819.65625,72200.0,72200.0,71500.0,71600.0,20148677
2023-11-16,71408.1796875,72800.0,73000.0,72300.0,72500.0,15860451
2023-11-17,71113.921875,72500.0,73000.0,72300.0,72300.0,11494644
2023-11-20,71310.09375,72700.0,73000.0,72100.0,72100.0,10610157
2023-11-21,71408.1796875,72800.0,73400.0,72700.0,73100.0,9712881
2023-11-22,71408.1796875,72800.0,73000.0,71900.0,72200.0,11105143
2023-11-23,71015.828125,72400.0,73200.0,72200.0,73000.0,6775614
2023-11-24,70329.2109375,71700.0,72600.0,71700.0,72400.0,6676685
2023-11-27,69936.859375,71300.0,72100.0,71100.0,71500.0,9113857
2023-11-28,71310.09375,72700.0,72700.0,71300.0,71400.0,13283081
2023-11-29,71310.09375,72700.0,72800.0,72200.0,72400.0,9283933
2023-11-30,71408.1796875,72800.0,72800.0,72200.0,72700.0,15783714
2023-12-01,70623.4765625,72000.0,72500.0,71700.0,72400.0,9871284
2023-12-04,71212.0078125,72600.0,72900.0,72400.0,72800.0,10229267
2023-12-05,69838.7734375,71200.0,72400.0,71200.0,72300.0,12129682
2023-12-06,70329.2109375,71700.0,72100.0,71600.0,71800.0,8123087
2023-12-07,70133.03125,71500.0,71900.0,71100.0,71800.0,8862017
2023-12-08,71212.0078125,72600.0,72800.0,71900.0,72100.0,10859463
2023-12-11,71604.359375,73000.0,73000.0,72200.0,72800.0,9861960
2023-12-12,72094.796875,73500.0,73500.0,73100.0,73300.0,13758646
2023-12-13,71408.1796875,72800.0,73500.0,72800.0,73300.0,13116766
2023-12-14,71702.453125,73100.0,74300.0,72500.0,74100.0,27567593
2023-12-15,71898.6171875,73300.0,74000.0,73200.0,73800.0,15419815
2023-12-18,71506.2734375,72900.0,73400.0,72800.0,73300.0,9690551
2023-12-19,71996.7109375,73400.0,73400.0,72800.0,73000.0,8907632
2023-12-20,73369.9453125,74800.0,74900.0,73800.0,74200.0,16870156
2023-12-21,73566.125,75000.0,75000.0,74300.0,74600.0,13478766
2023-12-22,74448.9140625,75900.0,76300.0,75400.0,75800.0,14515608
2023-12-26,75135.53125,76600.0,76700.0,75700.0,76100.0,13164909
2023-12-27,76871.0390625,78000.0,78000.0,76500.0,76700.0,20651042
2023-12-28,77363.8125,78500.0,78500.0,77500.0,77700.0,17797536
2024-01-02,78447.890625,79600.0,79800.0,78200.0,78200.0,17142847
2024-01-03,75885.515625,77000.0,78800.0,77000.0,78500.0,21753644
2024-01-04,75491.3125,76600.0,77300.0,76100.0,76100.0,15324439
2024-01-05,75491.3125,76600.0,77100.0,76400.0,76700.0,11304316
2024-01-08,75392.7578125,76500.0,77500.0,76400.0,77000.0,11088724
2024-01-09,73618.8125,74700.0,77700.0,74300.0,77400.0,26019249
2024-01-10,72534.734375,73600.0,75200.0,73200.0,75000.0,20259529
2024-01-11,72140.5234375,73200.0,73600.0,72700.0,72900.0,57691266
2024-01-12,72041.96875,73100.0,74100.0,72800.0,73000.0,13038939
2024-01-15,72830.3828125,73900.0,74000.0,73200.0,73200.0,2957915
2024-01-16,71549.203125,72600.0,73700.0,72500.0,73500.0,14760415
2024-01-17,69972.3671875,71000.0,73300.0,71000.0,73100.0,22683660
2024-01-18,70662.2265625,71700.0,72000.0,70700.0,71600.0,17853397
2024-01-19,73618.8125,74700.0,74700.0,73000.0,73500.0,23363427
2024-01-22,74013.015625,75100.0,76000.0,75000.0,75900.0,19673375
2024-01-23,74111.578125,75200.0,75800.0,74300.0,75700.0,14786224
2024-01-24,72928.9375,74000.0,75200.0,73500.0,75200.0,12860661
2024-01-25,73027.4921875,74100.0,74800.0,73700.0,74200.0,11737747
2024-01-26,72337.625,73400.0,74500.0,73300.0,73700.0,11160062
2024-01-29,73323.15625,74400.0,75200.0,73500.0,73800.0,13976521
2024-01-30,73224.6015625,74300.0,75300.0,73700.0,75000.0,12244418
2024-01-31,71647.75,72700.0,74000.0,72500.0,73400.0,15703560
2024-02-01,72534.734375,73600.0,74200.0,72900.0,73000.0,19881033
2024-02-02,74111.578125,75200.0,75200.0,73700.0,74000.0,14955881
2024-02-05,73224.6015625,74300.0,74800.0,73500.0,74200.0,19026021
2024-02-06,73323.15625,74400.0,74700.0,73300.0,74300.0,14559254
2024-02-07,73914.4609375,75000.0,75500.0,74300.0,74600.0,16566445
2024-02-08,73027.4921875,74100.0,75200.0,73600.0,75000.0,20810708
2024-02-13,74111.578125,75200.0,75200.0,74400.0,74800.0,21966745
2024-02-14,72928.9375,74000.0,74300.0,73700.0,73700.0,12434945
2024-02-15,72140.5234375,73200.0,74400.0,73000.0,74200.0,14120600
2024-02-16,71746.3046875,72800.0,73400.0,72500.0,73300.0,13444781
2024-02-19,72731.828125,73800.0,73900.0,72800.0,72800.0,12726404
2024-02-20,72239.078125,73300.0,73700.0,72800.0,73700.0,14681477
2024-02-21,71943.40625,73000.0,73700.0,72900.0,73400.0,11503495
2024-02-22,72041.96875,73100.0,73900.0,72700.0,73800.0,15208934
2024-02-23,71844.859375,72900.0,74200.0,72900.0,73600.0,16225166
2024-02-26,71746.3046875,72800.0,73200.0,72200.0,72300.0,14669352
2024-02-27,71844.859375,72900.0,73400.0,72700.0,73100.0,13201981
2024-02-28,72140.5234375,73200.0,73900.0,72800.0,72900.0,11795859
2024-02-29,72337.625,73400.0,73400.0,72000.0,72600.0,21176403
2024-03-04,73815.90625,74900.0,75000.0,74000.0,74300.0,23210474
2024-03-05,72633.28125,73700.0,74800.0,73700.0,74600.0,19505125
2024-03-06,71844.859375,72900.0,73500.0,72700.0,73200.0,21547905
2024-03-07,71154.9921875,72200.0,73300.0,72200.0,73100.0,14516963
2024-03-08,72239.078125,73300.0,73400.0,72600.0,72800.0,19271349
2024-03-11,71352.1015625,72400.0,73100.0,72300.0,72900.0,9740504
2024-03-12,72239.078125,73300.0,73500.0,72100.0,72600.0,13011654
2024-03-13,73027.4921875,74100.0,74100.0,73500.0,73700.0,15243134
2024-03-14,73224.6015625,74300.0,74500.0,73600.0,74400.0,22545539
2024-03-15,71253.546875,72300.0,73700.0,72300.0,73400.0,22580555
2024-03-18,71746.3046875,72800.0,73000.0,72500.0,72600.0,11520348
2024-03-19,71746.3046875,72800.0,73000.0,71700.0,72300.0,15376066
2024-03-20,75786.9609375,76900.0,77200.0,73400.0,73700.0,50106297
2024-03-21,78152.2265625,79300.0,79300.0,77700.0,79200.0,44569799
2024-03-22,77758.0234375,78900.0,79900.0,77800.0,79600.0,26724761
2024-03-25,77068.1484375,78200.0,79800.0,77800.0,79600.0,18703996
2024-03-26,78743.546875,79900.0,80100.0,79200.0,79700.0,30551494
2024-03-27,78644.9921875,79800.0,80000.0,79200.0,79200.0,17424595
2024-03-28,79992.390625,80800.0,81000.0,79200.0,79400.0,25084812
2024-03-29,81576.3984375,82400.0,82500.0,80900.0,81200.0,27126366
2024-04-01,81180.3984375,82000.0,83300.0,82000.0,83200.0,20116513
2024-04-02,84150.40625,85000.0,85000.0,82900.0,82900.0,37077944
2024-04-03,83259.40625,84100.0,85000.0,83500.0,84300.0,30493347
2024-04-04,84447.4140625,85300.0,85500.0,84300.0,85200.0,25248934
2024-04-05,83655.40625,84500.0,85000.0,83800.0,84500.0,18883752
2024-04-08,83655.40625,84500.0,86000.0,84500.0,85200.0,18953232
2024-04-09,82764.40625,83600.0,84900.0,83100.0,84500.0,23725956
2024-04-11,83259.40625,84100.0,84700.0,82500.0,83200.0,25538009
2024-04-12,82863.3984375,83700.0,84900.0,83200.0,84700.0,17061770
2024-04-15,81378.3984375,82200.0,83200.0,81200.0,82900.0,26663772
2024-04-16,79200.3828125,80000.0,81300.0,79400.0,81200.0,31949845
2024-04-17,78111.3828125,78900.0,80800.0,78900.0,80700.0,22611631
2024-04-18,78804.3828125,79600.0,80100.0,78300.0,78800.0,21370190
2024-04-19,76824.375,77600.0,78700.0,76300.0,78300.0,31317563
2024-04-22,75339.3671875,76100.0,77500.0,75100.0,77400.0,30469477
2024-04-23,74745.3671875,75500.0,76800.0,75500.0,76400.0,18717699
2024-04-24,77814.3828125,78600.0,78800.0,77200.0,77500.0,22166150
2024-04-25,75537.3671875,76300.0,77500.0,76300.0,77300.0,15549134
2024-04-26,75933.3671875,76700.0,77900.0,76500.0,77800.0,12755629
2024-04-29,75933.3671875,76700.0,77600.0,76200.0,77400.0,14664474
2024-04-30,76725.3671875,77500.0,78500.0,76600.0,77000.0,19007007
2024-05-02,77220.375,78000.0,78600.0,77300.0,77600.0,18900640
2024-05-03,76824.375,77600.0,79000.0,77500.0,79000.0,13151889
2024-05-07,80487.3984375,81300.0,81300.0,79400.0,79600.0,26238868
2024-05-08,80487.3984375,81300.0,81400.0,80500.0,80800.0,13089576
2024-05-09,78903.3828125,79700.0,81500.0,79700.0,81100.0,18759935
2024-05-10,78408.375,79200.0,81100.0,78900.0,80400.0,16976124
2024-05-13,77616.3828125,78400.0,79900.0,77600.0,79400.0,18652344
2024-05-14,77517.375,78300.0,78800.0,77900.0,78600.0,11763992
2024-05-16,77418.3828125,78200.0,80300.0,78100.0,80200.0,20989778
2024-05-17,76626.375,77400.0,78800.0,77200.0,78600.0,15918201
2024-05-20,78111.3828125,78900.0,79100.0,77900.0,78100.0,19456783
2024-05-21,77616.3828125,78400.0,79000.0,78200.0,78500.0,13690583
2024-05-22,76923.375,77700.0,78700.0,77300.0,78100.0,19521506
2024-05-23,77517.375,78300.0,79100.0,77100.0,77700.0,18728087
2024-05-24,75141.3671875,75900.0,77000.0,75700.0,76800.0,27891278
2024-05-27,76428.375,77200.0,78200.0,74000.0,75300.0,43825202
2024-05-28,76824.375,77600.0,78000.0,76200.0,76500.0,18539072
2024-05-29,74448.359375,75200.0,78200.0,75200.0,77700.0,30244875
2024-05-30,72765.3515625,73500.0,75200.0,73500.0,74800.0,28551273
2024-05-31,72765.3515625,73500.0,74700.0,73500.0,74500.0,26198776
2024-06-03,74943.3671875,75700.0,76400.0,74200.0,74400.0,15706268
2024-06-04,74547.3671875,75300.0,76100.0,74900.0,74900.0,14098053
2024-06-05,76626.375,77400.0,78000.0,76800.0,78000.0,23177968
2024-06-07,76527.3671875,77300.0,78600.0,77100.0,78400.0,21189349
2024-06-10,74943.3671875,75700.0,76600.0,75600.0,76100.0,14598755
2024-06-11,74448.359375,75200.0,76000.0,75100.0,75900.0,16971175
2024-06-12,75735.375,76500.0,77100.0,75200.0,75300.0,19246725
2024-06-13,77814.3828125,78600.0,79000.0,77800.0,78400.0,33763804
2024-06-14,78804.3828125,79600.0,80500.0,79000.0,79700.0,22926612
2024-06-17,77319.375,78100.0,79500.0,78000.0,79200.0,16123051
2024-06-18,79002.3828125,79800.0,80200.0,78600.0,78700.0,18207598
2024-06-19,80388.390625,81200.0,82500.0,80500.0,81100.0,24168863
2024-06-20,80784.390625,81600.0,82200.0,81200.0,81500.0,20288913
2024-06-21,79200.3828125,80000.0,80800.0,80000.0,80700.0,17907523
2024-06-24,79794.3828125,80600.0,80900.0,79500.0,79700.0,15454227
2024-06-25,79992.390625,80800.0,81800.0,80100.0,80600.0,19088458
2024-06-26,80487.3984375,81300.0,81400.0,79900.0,80100.0,17783242
2024-06-27,81144.703125,81600.0,81600.0,80500.0,81300.0,11739720
2024-06-28,81045.265625,81500.0,81900.0,80800.0,81900.0,9455929
2024-07-01,81343.5859375,81800.0,82100.0,81300.0,81500.0,11317202
2024-07-02,81343.5859375,81800.0,82600.0,81500.0,82500.0,14471904
2024-07-03,81343.5859375,81800.0,82300.0,81000.0,82300.0,11440328
2024-07-04,84127.96875,84600.0,84700.0,82400.0,82900.0,43857229
2024-07-05,86614.015625,87100.0,87100.0,85200.0,85600.0,45791193
2024-07-08,86912.34375,87400.0,88600.0,86900.0,87900.0,24035809
2024-07-09,87310.109375,87800.0,88200.0,86900.0,87800.0,21336201
2024-07-10,87310.109375,87800.0,88000.0,87100.0,87600.0,17813847
2024-07-11,87111.2265625,87600.0,88800.0,86700.0,88500.0,24677608
2024-07-12,83929.0859375,84400.0,86100.0,84100.0,85900.0,26344386
2024-07-15,86216.25,86700.0,87300.0,84100.0,84700.0,25193080
2024-07-16,87210.671875,87700.0,88000.0,86700.0,86900.0,16166688
2024-07-17,86216.25,86700.0,88000.0,86400.0,87100.0,18186490
2024-07-18,86415.1328125,86900.0,86900.0,83800.0,83800.0,24721790
2024-07-19,83929.0859375,84400.0,86100.0,84100.0,85600.0,18569122
2024-07-22,82536.890625,83000.0,84900.0,82600.0,84400.0,18987560
2024-07-23,83431.875,83900.0,84700.0,83400.0,84200.0,15766389
2024-07-24,81542.4765625,82000.0,83300.0,81900.0,82900.0,16939083
2024-07-25,79951.3984375,80400.0,81000.0,80100.0,80400.0,20323811
2024-07-26,80448.609375,80900.0,81300.0,80400.0,80700.0,14508334
2024-07-29,80746.9375,81200.0,82000.0,81100.0,81600.0,12797136
2024-07-30,80548.0546875,81000.0,81000.0,80000.0,80400.0,13169636
2024-07-31,83431.875,83900.0,83900.0,80900.0,81200.0,20744323
2024-08-01,82636.3359375,83100.0,86100.0,83100.0,86000.0,20900338
2024-08-02,79155.8671875,79600.0,81400.0,79500.0,81000.0,25800275
2024-08-05,71001.6171875,71400.0,76900.0,70200.0,76700.0,54608790
2024-08-06,72095.4765625,72500.0,75300.0,72300.0,74900.0,47295226
2024-08-07,74283.203125,74700.0,76000.0,72800.0,73000.0,32710428
2024-08-08,72990.4609375,73400.0,73900.0,72500.0,73200.0,28414729
2024-08-09,74283.203125,74700.0,75800.0,74200.0,75700.0,16388222
2024-08-12,75078.7421875,75500.0,75900.0,74800.0,75200.0,9839259
2024-08-13,75675.390625,76100.0,76600.0,75500.0,76500.0,10716261
2024-08-14,76769.2578125,77200.0,77800.0,77000.0,77400.0,13246168
2024-08-16,79752.515625,80200.0,80200.0,78700.0,79400.0,22061478
2024-08-19,77863.1171875,78300.0,80100.0,78000.0,80100.0,14146565
2024-08-20,78459.7734375,78900.0,79800.0,78700.0,79500.0,10683836
2024-08-21,77863.1171875,78300.0,78600.0,77800.0,77900.0,7805598
2024-08-22,77863.1171875,78300.0,78900.0,77800.0,78700.0,8149101
2024-08-23,77266.46875,77700.0,78400.0,77500.0,77700.0,9420306
2024-08-26,75675.390625,76100.0,78200.0,76000.0,78100.0,15655938
2024-08-27,75377.0703125,75800.0,76500.0,75600.0,75700.0,11130145
2024-08-28,75973.71875,76400.0,76400.0,75400.0,75800.0,9794514
2024-08-29,73587.109375,74000.0,74700.0,73500.0,73600.0,16884479
2024-08-30,73885.4375,74300.0,75000.0,74100.0,74400.0,16358520
2024-09-02,73984.875,74400.0,74700.0,73500.0,74500.0,12641376
2024-09-03,72095.4765625,72500.0,74300.0,72500.0,74100.0,16314599
2024-09-04,69609.4296875,70000.0,71100.0,69800.0,69800.0,27366563
2024-09-05,68615.0078125,69000.0,71200.0,69000.0,70100.0,25686769
2024-09-06,68515.5625,68900.0,69700.0,68000.0,69100.0,19022299
2024-09-09,67123.375,67500.0,68200.0,66600.0,66900.0,23263298
2024-09-10,65830.6328125,66200.0,67300.0,66000.0,67000.0,30651376
2024-09-11,64537.8828125,64900.0,65500.0,64200.0,65100.0,35809707
2024-09-12,65930.0703125,66300.0,66600.0,65200.0,66000.0,35884106
2024-09-13,64040.67578125,64400.0,65500.0,64300.0,65000.0,25045135
2024-09-19,62747.9296875,63100.0,64400.0,62200.0,64000.0,49402713
2024-09-20,62648.484375,63000.0,64700.0,63000.0,63800.0,32746056
2024-09-23,62250.71875,62600.0,63500.0,62200.0,62300.0,28542376
2024-09-24,62847.37109375,63200.0,63400.0,62400.0,62800.0,26957500
2024-09-25,61852.94921875,62200.0,64200.0,62200.0,63800.0,28652438
2024-09-26,64339.0,64700.0,64900.0,63700.0,63900.0,37566015
2024-09-27,64200.0,64200.0,65400.0,64200.0,64700.0,28433030
2024-09-30,61500.0,61500.0,64300.0,61500.0,64200.0,32694163
2024-10-02,61300.0,61300.0,61900.0,59900.0,60500.0,28473536
2024-10-04,60600.0,60600.0,61700.0,60500.0,61000.0,24247578
2024-10-07,61000.0,61000.0,61900.0,59500.0,60200.0,35066533
2024-10-08,60300.0,60300.0,61000.0,59900.0,60000.0,27411786
2024-10-10,58900.0,58900.0,60200.0,58900.0,60100.0,45262214
2024-10-11,59300.0,59300.0,60100.0,59000.0,59100.0,29623969
2024-10-14,59300.0,59300.0,61200.0,59400.0,59500.0,20886249
2024-10-15,61000.0,61000.0,61400.0,60100.0,61100.0,22715239
2024-10-16,59500.0,59500.0,60000.0,59200.0,59400.0,23303268
2024-10-17,59700.0,59700.0,60100.0,59100.0,59400.0,23372873
2024-10-18,59200.0,59200.0,60100.0,59100.0,59900.0,14420260
2024-10-21,59000.0,59000.0,59600.0,58500.0,59000.0,18514905
2024-10-22,57700.0,57700.0,58900.0,57700.0,58800.0,27582527
2024-10-23,59100.0,59100.0,60000.0,57100.0,57500.0,27300780
2024-10-24,56600.0,56600.0,58500.0,56600.0,58200.0,31499922
2024-10-25,55900.0,55900.0,56900.0,55800.0,56000.0,25829315
2024-10-28,58100.0,58100.0,58500.0,55700.0,55700.0,27775009
2024-10-29,59600.0,59600.0,59600.0,57300.0,58000.0,28369314
2024-10-30,59100.0,59100.0,59800.0,58600.0,59100.0,19838511
2024-10-31,59200.0,59200.0,61200.0,58300.0,58500.0,35809196
2024-11-01,58300.0,58300.0,59600.0,58100.0,59000.0,19083180
2024-11-04,58700.0,58700.0,59400.0,58400.0,58600.0,15586947
2024-11-05,57600.0,57600.0,58100.0,57200.0,57800.0,17484474
2024-11-06,57300.0,57300.0,58000.0,56300.0,57600.0,22092218
2024-11-07,57300.0,57300.0,58100.0,56800.0,56900.0,17043102
2024-11-08,57000.0,57000.0,58300.0,57000.0,58000.0,13877396
2024-11-11,55000.0,55000.0,56800.0,55000.0,56700.0,29811326
2024-11-12,53000.0,53000.0,54600.0,53000.0,54600.0,37962881
2024-11-13,50600.0,50600.0,53000.0,50500.0,52000.0,52527995
2024-11-14,49900.0,49900.0,51800.0,49900.0,50200.0,48510715
2024-11-15,53500.0,53500.0,54200.0,50300.0,50300.0,46774485
2024-11-18,56700.0,56700.0,57500.0,55900.0,57000.0,48095234
2024-11-19,56300.0,56300.0,57500.0,55900.0,56500.0,31539632
